tf	target	region	eregulon	gene_signature	region_signature	is_extended	regulation	importance_tf2g	rho_tf2g	importance_r2g	rho_r2g	triplet_rank	evidence_type
ATF3	CDC42EP1	chr22:37561016-37561516	ATF3_direct_+/+	ATF3_direct_+/+_(4g)	ATF3_direct_+/+_(4r)	False	1	4.091575654438224	0.1353139354823296	0.0076172748751643	0.068369643319384	79	scenicplus_eregulon_direct
ATF3	SELENOO	chr22:50089608-50090108	ATF3_direct_+/+	ATF3_direct_+/+_(4g)	ATF3_direct_+/+_(4r)	False	1	0.9630680274218056	0.1468126929697087	0.0124990268863936	0.1415179786853904	135	scenicplus_eregulon_direct
ATF3	TOM1	chr22:35380794-35381294	ATF3_direct_+/+	ATF3_direct_+/+_(4g)	ATF3_direct_+/+_(4r)	False	1	1.003889968898495	0.3733042469195653	0.0140371106415032	0.4567273041009012	69	scenicplus_eregulon_direct
ATF3	BACH1	chr21:29299854-29300354	ATF3_direct_+/+	ATF3_direct_+/+_(4g)	ATF3_direct_+/+_(4r)	False	1	2.5862812795194223	0.4142793953707628	0.0135341142913764	0.607470887074498	52	scenicplus_eregulon_direct
BACH1	PPM1F	chr22:21942348-21942848	BACH1_direct_+/+	BACH1_direct_+/+_(34g)	BACH1_direct_+/+_(52r)	False	1	1.6420501039843405	0.3127032460920282	0.0493866856981437	0.346033265992497	37	scenicplus_eregulon_direct
BACH1	NFAM1	chr22:42322515-42323015	BACH1_direct_+/+	BACH1_direct_+/+_(34g)	BACH1_direct_+/+_(52r)	False	1	1.7961867163371534	0.4022175190341568	0.0024489925995668	0.4485770828081613	47	scenicplus_eregulon_direct
BACH1	CYTH4	chr22:37274487-37274987	BACH1_direct_+/+	BACH1_direct_+/+_(34g)	BACH1_direct_+/+_(52r)	False	1	1.0666743585741445	0.1822551540643094	0.0134924768424544	0.1878446603065552	195	scenicplus_eregulon_direct
BACH1	GRIK1	chr21:29639994-29640494	BACH1_direct_+/+	BACH1_direct_+/+_(34g)	BACH1_direct_+/+_(52r)	False	1	4.817806741841378	0.2644346044299329	0.0241380680873994	0.1838385237624066	7	scenicplus_eregulon_direct
BACH1	MTMR3	chr22:29799147-29799647	BACH1_direct_+/+	BACH1_direct_+/+_(34g)	BACH1_direct_+/+_(52r)	False	1	2.1470917282613584	0.2795737326054605	0.0081526258044086	0.2889370149746092	107	scenicplus_eregulon_direct
BACH1	SCO2	chr22:50399845-50400345	BACH1_direct_+/+	BACH1_direct_+/+_(34g)	BACH1_direct_+/+_(52r)	False	1	1.8615163805190904	0.4359746866989895	0.0195336079823624	0.498195989960713	155	scenicplus_eregulon_direct
BACH1	TOM1	chr22:35371940-35372440	BACH1_direct_+/+	BACH1_direct_+/+_(34g)	BACH1_direct_+/+_(52r)	False	1	1.1028340561159509	0.3803944881446125	0.0044566871849866	0.4400585317561362	24	scenicplus_eregulon_direct
BACH1	IL10RB	chr21:33300872-33301372	BACH1_direct_+/+	BACH1_direct_+/+_(34g)	BACH1_direct_+/+_(52r)	False	1	2.0530914919046954	0.2353400347992469	0.0017482604893819	0.211604917395625	133	scenicplus_eregulon_direct
BACH1	AGPAT3	chr21:43767983-43768483	BACH1_direct_+/+	BACH1_direct_+/+_(34g)	BACH1_direct_+/+_(52r)	False	1	2.179399419963844	0.3047483361052676	0.0041414713139887	0.3725532873343565	99	scenicplus_eregulon_direct
BACH1	TOM1	chr22:35380794-35381294	BACH1_direct_+/+	BACH1_direct_+/+_(34g)	BACH1_direct_+/+_(52r)	False	1	1.1028340561159509	0.3803944881446125	0.0140371106415032	0.4567273041009012	124	scenicplus_eregulon_direct
BACH1	PDXK	chr21:43767983-43768483	BACH1_direct_+/+	BACH1_direct_+/+_(34g)	BACH1_direct_+/+_(52r)	False	1	2.3774555104168007	0.1907491388465412	0.0077992421290974	0.1919445643247888	67	scenicplus_eregulon_direct
BACH1	TOM1	chr22:35376871-35377371	BACH1_direct_+/+	BACH1_direct_+/+_(34g)	BACH1_direct_+/+_(52r)	False	1	1.1028340561159509	0.3803944881446125	0.0210347825241398	0.44854655107916	15	scenicplus_eregulon_direct
BACH1	BACH1	chr21:29639994-29640494	BACH1_direct_+/+	BACH1_direct_+/+_(34g)	BACH1_direct_+/+_(52r)	False	1	5.385691107513015	1.0	0.026068786955584	0.6052097805333296	4	scenicplus_eregulon_direct
BACH1	MRTFA	chr22:40628541-40629041	BACH1_direct_+/+	BACH1_direct_+/+_(34g)	BACH1_direct_+/+_(52r)	False	1	3.566573174516226	0.2632817945238291	0.0265672265420961	0.2317110313456589	74	scenicplus_eregulon_direct
BACH1	IFNGR2	chr21:33300872-33301372	BACH1_direct_+/+	BACH1_direct_+/+_(34g)	BACH1_direct_+/+_(52r)	False	1	1.4094504472320772	0.3042677509791956	0.0190757521914785	0.3862586486497357	60	scenicplus_eregulon_direct
BACH1	ITSN1	chr21:33761658-33762158	BACH1_direct_+/+	BACH1_direct_+/+_(34g)	BACH1_direct_+/+_(52r)	False	1	1.481254643664942	0.3065550218356013	0.0100551419907843	0.355270918009712	142	scenicplus_eregulon_direct
BACH1	ODF3B	chr22:50540853-50541353	BACH1_direct_+/+	BACH1_direct_+/+_(34g)	BACH1_direct_+/+_(52r)	False	1	1.885501612575461	0.2907857728242668	0.0116565541477432	0.3448329845596566	161	scenicplus_eregulon_direct
BACH1	PACSIN2	chr22:42873251-42873751	BACH1_direct_+/+	BACH1_direct_+/+_(34g)	BACH1_direct_+/+_(52r)	False	1	2.0606834740222224	0.2428843265762525	0.0039876692113523	0.2387516162739941	226	scenicplus_eregulon_direct
BACH1	PACSIN2	chr22:42937410-42937910	BACH1_direct_+/+	BACH1_direct_+/+_(34g)	BACH1_direct_+/+_(52r)	False	1	2.0606834740222224	0.2428843265762525	0.0296085721828407	0.2496128150816461	46	scenicplus_eregulon_direct
BACH1	SCO2	chr22:50534950-50535450	BACH1_direct_+/+	BACH1_direct_+/+_(34g)	BACH1_direct_+/+_(52r)	False	1	1.8615163805190904	0.4359746866989895	0.0239011805116103	0.4950846171579305	179	scenicplus_eregulon_direct
BACH1	TBC1D22A	chr22:46854089-46854589	BACH1_direct_+/+	BACH1_direct_+/+_(34g)	BACH1_direct_+/+_(52r)	False	1	1.1986966025943515	0.2416750466290194	0.0050409304576335	0.2475251857207795	167	scenicplus_eregulon_direct
BACH1	TYMP	chr22:50542432-50542932	BACH1_direct_+/+	BACH1_direct_+/+_(34g)	BACH1_direct_+/+_(52r)	False	1	5.385681107513015	0.5750303878662125	0.0937240906171961	0.7122263612236928	2	scenicplus_eregulon_direct
BACH1	ITGB2	chr21:44968024-44968524	BACH1_direct_+/+	BACH1_direct_+/+_(34g)	BACH1_direct_+/+_(52r)	False	1	1.3104256383416553	0.2203986122127773	0.0126508191582497	0.2399376116413997	122	scenicplus_eregulon_direct
BACH1	TOM1	chr22:35330106-35330606	BACH1_direct_+/+	BACH1_direct_+/+_(34g)	BACH1_direct_+/+_(52r)	False	1	1.1028340561159509	0.3803944881446125	0.0081040616586273	0.4467939924430503	224	scenicplus_eregulon_direct
BACH1	GGA1	chr22:37731759-37732259	BACH1_direct_+/+	BACH1_direct_+/+_(34g)	BACH1_direct_+/+_(52r)	False	1	1.2305081864479352	0.1145465979140741	0.0132447925898162	0.0997953647419307	236	scenicplus_eregulon_direct
BACH1	MAPK1	chr22:21607347-21607847	BACH1_direct_+/+	BACH1_direct_+/+_(34g)	BACH1_direct_+/+_(52r)	False	1	1.3397376097330518	0.2476505917059761	0.0033736645068552	0.2618189371126418	189	scenicplus_eregulon_direct
BACH1	TOM1	chr22:35356304-35356804	BACH1_direct_+/+	BACH1_direct_+/+_(34g)	BACH1_direct_+/+_(52r)	False	1	1.1028340561159509	0.3803944881446125	0.0453582663259293	0.4456500861111354	68	scenicplus_eregulon_direct
BACH1	GRK3	chr22:25563683-25564183	BACH1_direct_+/+	BACH1_direct_+/+_(34g)	BACH1_direct_+/+_(52r)	False	1	2.5068841978012824	0.5613988686121506	0.0497306443261829	0.7080385046567866	32	scenicplus_eregulon_direct
BACH1	MAP3K7CL	chr21:29196278-29196778	BACH1_direct_+/+	BACH1_direct_+/+_(34g)	BACH1_direct_+/+_(52r)	False	1	1.0591404380232934	0.1263333093023719	0.021480086847507	0.1304377834381601	207	scenicplus_eregulon_direct
BACH1	PAXBP1	chr21:32728769-32729269	BACH1_direct_+/+	BACH1_direct_+/+_(34g)	BACH1_direct_+/+_(52r)	False	1	1.6354655057040066	0.159370382434511	0.0189529497833565	0.140692307909779	84	scenicplus_eregulon_direct
BACH1	PLXNB2	chr22:50169907-50170407	BACH1_direct_+/+	BACH1_direct_+/+_(34g)	BACH1_direct_+/+_(52r)	False	1	2.465896634615436	0.3429073053402398	0.0185690656093272	0.4025616154145646	26	scenicplus_eregulon_direct
BACH1	MRTFA	chr22:40509621-40510121	BACH1_direct_+/+	BACH1_direct_+/+_(34g)	BACH1_direct_+/+_(52r)	False	1	3.566573174516226	0.2632817945238291	0.008740397622145	0.2414131511882565	200	scenicplus_eregulon_direct
BACH1	USP25	chr21:15682937-15683437	BACH1_direct_+/+	BACH1_direct_+/+_(34g)	BACH1_direct_+/+_(52r)	False	1	1.0432467676561676	0.316919623848211	0.0293986385720273	0.3489498084379339	191	scenicplus_eregulon_direct
BACH1	BID	chr22:17781619-17782119	BACH1_direct_+/+	BACH1_direct_+/+_(34g)	BACH1_direct_+/+_(52r)	False	1	1.8644497294544384	0.2599130360768963	0.0400289696660043	0.2904868668831978	22	scenicplus_eregulon_direct
BACH1	SAMSN1	chr21:14548701-14549201	BACH1_direct_+/+	BACH1_direct_+/+_(34g)	BACH1_direct_+/+_(52r)	False	1	1.3631497788667626	0.2549180119329743	0.0277777607968691	0.2423992017604171	92	scenicplus_eregulon_direct
BACH1	MRTFA	chr22:40492279-40492779	BACH1_direct_+/+	BACH1_direct_+/+_(34g)	BACH1_direct_+/+_(52r)	False	1	3.566573174516226	0.2632817945238291	0.0117584486831881	0.2314396016933483	147	scenicplus_eregulon_direct
BACH1	MX1	chr21:41366591-41367091	BACH1_direct_+/+	BACH1_direct_+/+_(34g)	BACH1_direct_+/+_(52r)	False	1	3.038302275295123	0.2328827061868024	0.0314551616800275	0.2525177142039848	58	scenicplus_eregulon_direct
BACH1	PLXNB2	chr22:50399845-50400345	BACH1_direct_+/+	BACH1_direct_+/+_(34g)	BACH1_direct_+/+_(52r)	False	1	2.465896634615436	0.3429073053402398	0.034442212185226	0.4236300378081344	57	scenicplus_eregulon_direct
BACH1	TYMP	chr22:50540853-50541353	BACH1_direct_+/+	BACH1_direct_+/+_(34g)	BACH1_direct_+/+_(52r)	False	1	5.385681107513015	0.5750303878662125	0.0949886851504281	0.7186516717095502	0	scenicplus_eregulon_direct
BACH1	PACSIN2	chr22:42962255-42962755	BACH1_direct_+/+	BACH1_direct_+/+_(34g)	BACH1_direct_+/+_(52r)	False	1	2.0606834740222224	0.2428843265762525	0.0249338136343235	0.2514173226178804	140	scenicplus_eregulon_direct
BACH1	GRAMD4	chr22:46754149-46754649	BACH1_direct_+/+	BACH1_direct_+/+_(34g)	BACH1_direct_+/+_(52r)	False	1	1.177333455066028	0.163206696731457	0.0154276412089432	0.1491545727067524	102	scenicplus_eregulon_direct
BACH1	MAPK1	chr22:21942348-21942848	BACH1_direct_+/+	BACH1_direct_+/+_(34g)	BACH1_direct_+/+_(52r)	False	1	1.3397376097330518	0.2476505917059761	0.0086746094233685	0.2725140301512111	202	scenicplus_eregulon_direct
BACH1	IL10RB	chr21:33374490-33374990	BACH1_direct_+/+	BACH1_direct_+/+_(34g)	BACH1_direct_+/+_(52r)	False	1	2.0530914919046954	0.2353400347992469	0.0198701092553026	0.2119043367858422	153	scenicplus_eregulon_direct
BACH1	TOM1	chr22:35375024-35375524	BACH1_direct_+/+	BACH1_direct_+/+_(34g)	BACH1_direct_+/+_(52r)	False	1	1.1028340561159509	0.3803944881446125	0.0550618445132629	0.4403214621422695	64	scenicplus_eregulon_direct
BACH1	SCO2	chr22:50542432-50542932	BACH1_direct_+/+	BACH1_direct_+/+_(34g)	BACH1_direct_+/+_(52r)	False	1	1.8615163805190904	0.4359746866989895	0.0342722093232665	0.4989643995349321	111	scenicplus_eregulon_direct
BACH1	ITSN1	chr21:33842469-33842969	BACH1_direct_+/+	BACH1_direct_+/+_(34g)	BACH1_direct_+/+_(52r)	False	1	1.481254643664942	0.3065550218356013	0.0278800808535772	0.3544678272937456	176	scenicplus_eregulon_direct
BACH1	TOM1	chr22:35301390-35301890	BACH1_direct_+/+	BACH1_direct_+/+_(34g)	BACH1_direct_+/+_(52r)	False	1	1.1028340561159509	0.3803944881446125	0.0247013740847988	0.4462943608743118	145	scenicplus_eregulon_direct
BACH1	ODF3B	chr22:50399845-50400345	BACH1_direct_+/+	BACH1_direct_+/+_(34g)	BACH1_direct_+/+_(52r)	False	1	1.885501612575461	0.2907857728242668	0.0507845079012183	0.3453435629231657	43	scenicplus_eregulon_direct
BACH1	MX2	chr21:41366591-41367091	BACH1_direct_+/+	BACH1_direct_+/+_(34g)	BACH1_direct_+/+_(52r)	False	1	2.1597537478512243	0.2773527761565153	0.0163331397645393	0.2983873781274238	184	scenicplus_eregulon_direct
BACH1	GGA1	chr22:37633511-37634011	BACH1_direct_+/+	BACH1_direct_+/+_(34g)	BACH1_direct_+/+_(52r)	False	1	1.2305081864479352	0.1145465979140741	0.0067339704590348	0.0897265947725696	232	scenicplus_eregulon_direct
BACH1	PACSIN2	chr22:43154832-43155332	BACH1_direct_+/+	BACH1_direct_+/+_(34g)	BACH1_direct_+/+_(52r)	False	1	2.0606834740222224	0.2428843265762525	0.0189515035282196	0.2488335836709994	177	scenicplus_eregulon_direct
BACH1	GGA1	chr22:37574583-37575083	BACH1_direct_+/+	BACH1_direct_+/+_(34g)	BACH1_direct_+/+_(52r)	False	1	1.2305081864479352	0.1145465979140741	0.007086872698348	0.1026962625359599	305	scenicplus_eregulon_direct
BACH1	GRK3	chr22:25419442-25419942	BACH1_direct_+/+	BACH1_direct_+/+_(34g)	BACH1_direct_+/+_(52r)	False	1	2.5068841978012824	0.5613988686121506	0.0315156221341335	0.7062493907326607	35	scenicplus_eregulon_direct
BACH1	TOM1	chr22:35352520-35353020	BACH1_direct_+/+	BACH1_direct_+/+_(34g)	BACH1_direct_+/+_(52r)	False	1	1.1028340561159509	0.3803944881446125	0.0089565630091492	0.4271064219610417	283	scenicplus_eregulon_direct
BACH1	BID	chr22:17673076-17673576	BACH1_direct_+/+	BACH1_direct_+/+_(34g)	BACH1_direct_+/+_(52r)	False	1	1.8644497294544384	0.2599130360768963	0.0074585166053379	0.2636489797410345	265	scenicplus_eregulon_direct
BACH1	MAP3K7CL	chr21:29217755-29218255	BACH1_direct_+/+	BACH1_direct_+/+_(34g)	BACH1_direct_+/+_(52r)	False	1	1.0591404380232934	0.1263333093023719	0.0186418924950535	0.1288911679841129	106	scenicplus_eregulon_direct
BACH1	SCO2	chr22:50540853-50541353	BACH1_direct_+/+	BACH1_direct_+/+_(34g)	BACH1_direct_+/+_(52r)	False	1	1.8615163805190904	0.4359746866989895	0.0450157322207654	0.4989006816334855	54	scenicplus_eregulon_direct
BACH1	GTPBP1	chr22:38754838-38755338	BACH1_direct_+/+	BACH1_direct_+/+_(34g)	BACH1_direct_+/+_(52r)	False	1	1.1897500141206043	0.1855693314956508	0.0240754696648002	0.181641056284578	267	scenicplus_eregulon_direct
BACH1	BACH1	chr21:29217755-29218255	BACH1_direct_+/+	BACH1_direct_+/+_(34g)	BACH1_direct_+/+_(52r)	False	1	5.385691107513015	1.0	0.0109679979651264	0.6048726584815565	16	scenicplus_eregulon_direct
BACH1	CSF2RB	chr22:36873761-36874261	BACH1_direct_+/+	BACH1_direct_+/+_(34g)	BACH1_direct_+/+_(52r)	False	1	1.6565107206512126	0.2486896923366343	0.0035237043909824	0.2715238529541529	351	scenicplus_eregulon_direct
BACH1	BACH1	chr21:29299854-29300354	BACH1_direct_+/+	BACH1_direct_+/+_(34g)	BACH1_direct_+/+_(52r)	False	1	5.385691107513015	1.0	0.0135341142913764	0.607470887074498	10	scenicplus_eregulon_direct
BACH1	TBC1D22A	chr22:46754149-46754649	BACH1_direct_+/+	BACH1_direct_+/+_(34g)	BACH1_direct_+/+_(52r)	False	1	1.1986966025943515	0.2416750466290194	0.0070244009388507	0.2378277607602775	164	scenicplus_eregulon_direct
BACH1	TYMP	chr22:50534950-50535450	BACH1_direct_+/+	BACH1_direct_+/+_(34g)	BACH1_direct_+/+_(52r)	False	1	5.385681107513015	0.5750303878662125	0.0122700947579614	0.7130546617767581	81	scenicplus_eregulon_direct
BACH1	IFNGR2	chr21:33374490-33374990	BACH1_direct_+/+	BACH1_direct_+/+_(34g)	BACH1_direct_+/+_(52r)	False	1	1.4094504472320772	0.3042677509791956	0.0031870943125063	0.3975098239408979	388	scenicplus_eregulon_direct
BACH1	BACH1	chr21:29196278-29196778	BACH1_direct_+/+	BACH1_direct_+/+_(34g)	BACH1_direct_+/+_(52r)	False	1	5.385691107513015	1.0	0.0017212575835706	0.6136175852567883	56	scenicplus_eregulon_direct
BACH1	ODF3B	chr22:50542432-50542932	BACH1_direct_+/+	BACH1_direct_+/+_(34g)	BACH1_direct_+/+_(52r)	False	1	1.885501612575461	0.2907857728242668	0.0178750873384071	0.3433739094535352	196	scenicplus_eregulon_direct
BACH1	ODF3B	chr22:50534950-50535450	BACH1_direct_+/+	BACH1_direct_+/+_(34g)	BACH1_direct_+/+_(52r)	False	1	1.885501612575461	0.2907857728242668	0.0165727237123631	0.3457726553589774	217	scenicplus_eregulon_direct
BACH1	ITSN1	chr21:33578971-33579471	BACH1_direct_+/+	BACH1_direct_+/+_(34g)	BACH1_direct_+/+_(52r)	False	1	1.481254643664942	0.3065550218356013	0.0033762903676118	0.3474565438808505	229	scenicplus_eregulon_direct
BACH1	TYMP	chr22:50399845-50400345	BACH1_direct_+/+	BACH1_direct_+/+_(34g)	BACH1_direct_+/+_(52r)	False	1	5.385681107513015	0.5750303878662125	0.0648554497466092	0.7133542614983935	3	scenicplus_eregulon_direct
BACH1	RHBDD3	chr22:29310946-29311446	BACH1_direct_+/+	BACH1_direct_+/+_(34g)	BACH1_direct_+/+_(52r)	False	1	1.2646707346374155	0.0551188158057318	0.016231412820445	0.0570271415818188	295	scenicplus_eregulon_direct
BCL11A	SREBF2	chr22:41920322-41920822	BCL11A_direct_+/+	BCL11A_direct_+/+_(16g)	BCL11A_direct_+/+_(29r)	False	1	1.2423925185072022	0.1706326186259016	0.0099587988260748	0.153475225578405	163	scenicplus_eregulon_direct
BCL11A	SREBF2	chr22:41770920-41771420	BCL11A_direct_+/+	BCL11A_direct_+/+_(16g)	BCL11A_direct_+/+_(29r)	False	1	1.2423925185072022	0.1706326186259016	0.0031899672692212	0.1830270111394794	330	scenicplus_eregulon_direct
BCL11A	MPST	chr22:37176541-37177041	BCL11A_direct_+/+	BCL11A_direct_+/+_(16g)	BCL11A_direct_+/+_(29r)	False	1	2.3233860222816505	0.0631647112415249	0.0141784492704043	0.0588357395730417	181	scenicplus_eregulon_direct
BCL11A	TNFRSF13C	chr22:41844220-41844720	BCL11A_direct_+/+	BCL11A_direct_+/+_(16g)	BCL11A_direct_+/+_(29r)	False	1	1.8212620528239376	0.2973120450177129	0.0034748877267093	0.226821787025995	345	scenicplus_eregulon_direct
BCL11A	DERL3	chr22:23800849-23801349	BCL11A_direct_+/+	BCL11A_direct_+/+_(16g)	BCL11A_direct_+/+_(29r)	False	1	2.657173925567294	0.2241235389602838	0.0089795320314334	0.1576183286148835	113	scenicplus_eregulon_direct
BCL11A	TNFRSF13C	chr22:41922205-41922705	BCL11A_direct_+/+	BCL11A_direct_+/+_(16g)	BCL11A_direct_+/+_(29r)	False	1	1.8212620528239376	0.2973120450177129	0.0020458864928545	0.3025927849059196	386	scenicplus_eregulon_direct
BCL11A	LARGE1	chr22:33271359-33271859	BCL11A_direct_+/+	BCL11A_direct_+/+_(16g)	BCL11A_direct_+/+_(29r)	False	1	4.1075090905261495	0.3554758003312442	0.0290111370035009	0.3080525788934393	41	scenicplus_eregulon_direct
BCL11A	AP1B1	chr22:29411502-29412002	BCL11A_direct_+/+	BCL11A_direct_+/+_(16g)	BCL11A_direct_+/+_(29r)	False	1	1.943311552261609	0.1926321304160065	0.0261950826532039	0.2395034322319551	123	scenicplus_eregulon_direct
BCL11A	MCM5	chr22:35352520-35353020	BCL11A_direct_+/+	BCL11A_direct_+/+_(16g)	BCL11A_direct_+/+_(29r)	False	1	2.3935671469659248	0.1495050186572945	0.0063452649761556	0.0823883075083078	262	scenicplus_eregulon_direct
BCL11A	AP1B1	chr22:29541757-29542257	BCL11A_direct_+/+	BCL11A_direct_+/+_(16g)	BCL11A_direct_+/+_(29r)	False	1	1.943311552261609	0.1926321304160065	0.0145995294459608	0.243545033296382	143	scenicplus_eregulon_direct
BCL11A	AP1B1	chr22:29364059-29364559	BCL11A_direct_+/+	BCL11A_direct_+/+_(16g)	BCL11A_direct_+/+_(29r)	False	1	1.943311552261609	0.1926321304160065	0.0035884040866918	0.1842800255939518	317	scenicplus_eregulon_direct
BCL11A	LARGE1	chr22:33272661-33273161	BCL11A_direct_+/+	BCL11A_direct_+/+_(16g)	BCL11A_direct_+/+_(29r)	False	1	4.1075090905261495	0.3554758003312442	0.0138850602992112	0.3020704151083888	95	scenicplus_eregulon_direct
BCL11A	MRPL39	chr21:25561513-25562013	BCL11A_direct_+/+	BCL11A_direct_+/+_(16g)	BCL11A_direct_+/+_(29r)	False	1	3.013753678875892	0.0913279921163109	0.0094210592591843	0.0587403242258023	121	scenicplus_eregulon_direct
BCL11A	A4GALT	chr22:42644919-42645419	BCL11A_direct_+/+	BCL11A_direct_+/+_(16g)	BCL11A_direct_+/+_(29r)	False	1	1.0482532808022214	0.0870238408989951	0.0311672887799758	0.0609789548843566	108	scenicplus_eregulon_direct
BCL11A	MCM5	chr22:35376871-35377371	BCL11A_direct_+/+	BCL11A_direct_+/+_(16g)	BCL11A_direct_+/+_(29r)	False	1	2.3935671469659248	0.1495050186572945	0.0029151419866907	0.0813787699383997	40	scenicplus_eregulon_direct
BCL11A	AP1B1	chr22:29385852-29386352	BCL11A_direct_+/+	BCL11A_direct_+/+_(16g)	BCL11A_direct_+/+_(29r)	False	1	1.943311552261609	0.1926321304160065	0.0131244218680763	0.2405041591129738	261	scenicplus_eregulon_direct
BCL11A	CHCHD10	chr22:23800849-23801349	BCL11A_direct_+/+	BCL11A_direct_+/+_(16g)	BCL11A_direct_+/+_(29r)	False	1	2.3576759961564777	0.106285539043795	0.0159383407630659	0.0734674953417768	53	scenicplus_eregulon_direct
BCL11A	VPREB3	chr22:23800849-23801349	BCL11A_direct_+/+	BCL11A_direct_+/+_(16g)	BCL11A_direct_+/+_(29r)	False	1	1.9597909087090104	0.2830351121911491	0.0490663198161293	0.2783230041699906	20	scenicplus_eregulon_direct
BCL11A	APP	chr21:25967661-25968161	BCL11A_direct_+/+	BCL11A_direct_+/+_(16g)	BCL11A_direct_+/+_(29r)	False	1	1.3684672374556217	0.1846171743841417	0.0123037308011038	0.1987323114741936	321	scenicplus_eregulon_direct
BCL11A	WBP2NL	chr22:42069917-42070417	BCL11A_direct_+/+	BCL11A_direct_+/+_(16g)	BCL11A_direct_+/+_(29r)	False	1	1.4447821644654573	0.1663597434041789	0.0071085863847279	0.1143902492765392	160	scenicplus_eregulon_direct
BCL11A	MICAL3	chr22:17798133-17798633	BCL11A_direct_+/+	BCL11A_direct_+/+_(16g)	BCL11A_direct_+/+_(29r)	False	1	2.91172248936619	0.276244605607607	0.0031018024010654	0.1946848321359731	253	scenicplus_eregulon_direct
BCL11A	DOP1B	chr21:36077302-36077802	BCL11A_direct_+/+	BCL11A_direct_+/+_(16g)	BCL11A_direct_+/+_(29r)	False	1	4.311467733752574	0.2181939075397425	0.0041590502318447	0.2110637130876223	129	scenicplus_eregulon_direct
BCL11A	MRPL39	chr21:25608201-25608701	BCL11A_direct_+/+	BCL11A_direct_+/+_(16g)	BCL11A_direct_+/+_(29r)	False	1	3.013753678875892	0.0913279921163109	0.0117019132882129	0.052997789429026	193	scenicplus_eregulon_direct
BCL11A	TNFRSF13C	chr22:41924892-41925392	BCL11A_direct_+/+	BCL11A_direct_+/+_(16g)	BCL11A_direct_+/+_(29r)	False	1	1.8212620528239376	0.2973120450177129	0.0041623033081546	0.2990192432868362	376	scenicplus_eregulon_direct
BCL11A	DOP1B	chr21:36150128-36150628	BCL11A_direct_+/+	BCL11A_direct_+/+_(16g)	BCL11A_direct_+/+_(29r)	False	1	4.311467733752574	0.2181939075397425	0.0218037567247086	0.2129714620940497	33	scenicplus_eregulon_direct
BCL11A	SMARCB1	chr22:23800849-23801349	BCL11A_direct_+/+	BCL11A_direct_+/+_(16g)	BCL11A_direct_+/+_(29r)	False	1	1.9385255744187275	0.1498446318454418	0.0066819109375094	0.0680693521249627	168	scenicplus_eregulon_direct
BCL11A	SREBF2	chr22:41924892-41925392	BCL11A_direct_+/+	BCL11A_direct_+/+_(16g)	BCL11A_direct_+/+_(29r)	False	1	1.2423925185072022	0.1706326186259016	0.0028003234274781	0.0755691549840742	406	scenicplus_eregulon_direct
BCL11A	APP	chr21:25903610-25904110	BCL11A_direct_+/+	BCL11A_direct_+/+_(16g)	BCL11A_direct_+/+_(29r)	False	1	1.3684672374556217	0.1846171743841417	0.0077656739193519	0.1908597371977896	210	scenicplus_eregulon_direct
BCL11A	TNFRSF13C	chr22:41919224-41919724	BCL11A_direct_+/+	BCL11A_direct_+/+_(16g)	BCL11A_direct_+/+_(29r)	False	1	1.8212620528239376	0.2973120450177129	0.0074543495678436	0.2932869435701568	218	scenicplus_eregulon_direct
BCL11A	AP1B1	chr22:29369327-29369827	BCL11A_direct_+/+	BCL11A_direct_+/+_(16g)	BCL11A_direct_+/+_(29r)	False	1	1.943311552261609	0.1926321304160065	0.0030924307056444	0.2169817773341296	357	scenicplus_eregulon_direct
BCL11A	AP1B1	chr22:29420047-29420547	BCL11A_direct_+/+	BCL11A_direct_+/+_(16g)	BCL11A_direct_+/+_(29r)	False	1	1.943311552261609	0.1926321304160065	0.0044899927759548	0.0605570482011419	332	scenicplus_eregulon_direct
BCL11A	SREBF2	chr22:41922205-41922705	BCL11A_direct_+/+	BCL11A_direct_+/+_(16g)	BCL11A_direct_+/+_(29r)	False	1	1.2423925185072022	0.1706326186259016	0.0013821261932709	0.0894317395553183	414	scenicplus_eregulon_direct
BCL11A	LARGE1	chr22:33853728-33854228	BCL11A_direct_+/+	BCL11A_direct_+/+_(16g)	BCL11A_direct_+/+_(29r)	False	1	4.1075090905261495	0.3554758003312442	0.0127648874263178	0.3042881533678375	38	scenicplus_eregulon_direct
BCL11A	TNFRSF13C	chr22:41920322-41920822	BCL11A_direct_+/+	BCL11A_direct_+/+_(16g)	BCL11A_direct_+/+_(29r)	False	1	1.8212620528239376	0.2973120450177129	0.0539670305861608	0.3027792363730659	18	scenicplus_eregulon_direct
BCL11A	SREBF2	chr22:41919224-41919724	BCL11A_direct_+/+	BCL11A_direct_+/+_(16g)	BCL11A_direct_+/+_(29r)	False	1	1.2423925185072022	0.1706326186259016	0.0050770859454421	0.0599394606522307	297	scenicplus_eregulon_direct
BCL11A	MPST	chr22:36921374-36921874	BCL11A_direct_+/+	BCL11A_direct_+/+_(16g)	BCL11A_direct_+/+_(29r)	False	1	2.3233860222816505	0.0631647112415249	0.0084527847898467	0.0529639564848573	183	scenicplus_eregulon_direct
CHD2	ITGB2	chr21:44874427-44874927	CHD2_direct_+/+	CHD2_direct_+/+_(3g)	CHD2_direct_+/+_(5r)	False	1	0.6709630412349229	0.1077166017479427	0.0104433518253504	0.304441461496173	211	scenicplus_eregulon_direct
CHD2	ABCG1	chr21:42309602-42310102	CHD2_direct_+/+	CHD2_direct_+/+_(3g)	CHD2_direct_+/+_(5r)	False	1	1.7152270014912292	0.0677135138411777	0.0095074988633019	0.0793185531511425	141	scenicplus_eregulon_direct
CHD2	SON	chr21:33642668-33643168	CHD2_direct_+/+	CHD2_direct_+/+_(3g)	CHD2_direct_+/+_(5r)	False	1	0.7800474105318247	0.1372039262881023	0.0128092798350451	0.1677478015634986	227	scenicplus_eregulon_direct
CHD2	ABCG1	chr21:42220109-42220609	CHD2_direct_+/+	CHD2_direct_+/+_(3g)	CHD2_direct_+/+_(5r)	False	1	1.7152270014912292	0.0677135138411777	0.0148765632418739	0.1033147250733699	158	scenicplus_eregulon_direct
CHD2	SON	chr21:33491421-33491921	CHD2_direct_+/+	CHD2_direct_+/+_(3g)	CHD2_direct_+/+_(5r)	False	1	0.7800474105318247	0.1372039262881023	0.0093131767263589	0.191108750936871	362	scenicplus_eregulon_direct
E2F1	THAP7	chr22:21000467-21000967	E2F1_direct_+/+	E2F1_direct_+/+_(3g)	E2F1_direct_+/+_(4r)	False	1	1.119911550815957	0.0789882585708351	0.0095761096860413	0.0720015315812535	186	scenicplus_eregulon_direct
E2F1	THAP7	chr22:20964819-20965319	E2F1_direct_+/+	E2F1_direct_+/+_(3g)	E2F1_direct_+/+_(4r)	False	1	1.119911550815957	0.0789882585708351	0.0146452403194249	0.0893131741020103	178	scenicplus_eregulon_direct
E2F1	TOP3B	chr22:21936923-21937423	E2F1_direct_+/+	E2F1_direct_+/+_(3g)	E2F1_direct_+/+_(4r)	False	1	1.3681183429830923	0.1712270332899527	0.0075369898085348	0.0893184059885781	394	scenicplus_eregulon_direct
E2F1	S100B	chr21:46542707-46543207	E2F1_direct_+/+	E2F1_direct_+/+_(3g)	E2F1_direct_+/+_(4r)	False	1	3.146399941837256	0.1226121005007398	0.0166809293769904	0.1438192769016892	94	scenicplus_eregulon_direct
HES2	ATP5MGL	chr22:42657562-42658062	HES2_direct_+/+	HES2_direct_+/+_(3g)	HES2_direct_+/+_(3r)	False	1	5.103880769861041	0.2428139994653564	0.0245896995340634	0.0724625120411852	11	scenicplus_eregulon_direct
HES2	C21orf62	chr21:32642086-32642586	HES2_direct_+/+	HES2_direct_+/+_(3g)	HES2_direct_+/+_(3r)	False	1	0.7664041710027559	0.1741305098487616	0.0042638789269468	0.0521073323707629	367	scenicplus_eregulon_direct
HES2	PDXK	chr21:43812098-43812598	HES2_direct_+/+	HES2_direct_+/+_(3g)	HES2_direct_+/+_(3r)	False	1	0.822780837540784	0.1406442336909839	0.0229751535206985	0.1930744678995765	239	scenicplus_eregulon_direct
HMGXB4	MEI1	chr22:41941144-41941644	HMGXB4_direct_+/+	HMGXB4_direct_+/+_(4g)	HMGXB4_direct_+/+_(6r)	False	1	0.6677637484510602	0.0945680082491116	0.0210536012251654	0.0957869734211315	269	scenicplus_eregulon_direct
HMGXB4	RANBP1	chr22:19970443-19970943	HMGXB4_direct_+/+	HMGXB4_direct_+/+_(4g)	HMGXB4_direct_+/+_(6r)	False	1	1.2561612419933683	0.0542264162742718	0.0089899223580504	0.0763158799428053	296	scenicplus_eregulon_direct
HMGXB4	SHISA8	chr22:41941144-41941644	HMGXB4_direct_+/+	HMGXB4_direct_+/+_(4g)	HMGXB4_direct_+/+_(6r)	False	1	2.047720282292987	0.0975682630742197	0.0161246391256266	0.0844593642615117	171	scenicplus_eregulon_direct
HMGXB4	HMGXB4	chr22:35350735-35351235	HMGXB4_direct_+/+	HMGXB4_direct_+/+_(4g)	HMGXB4_direct_+/+_(6r)	False	1	6.783038497007379	0.9999999999999998	0.0440556007053056	0.056263775948532	1	scenicplus_eregulon_direct
HMGXB4	RANBP1	chr22:20258661-20259161	HMGXB4_direct_+/+	HMGXB4_direct_+/+_(4g)	HMGXB4_direct_+/+_(6r)	False	1	1.2561612419933683	0.0542264162742718	0.0119467736113156	0.078556115060486	137	scenicplus_eregulon_direct
HMGXB4	HMGXB4	chr22:35352520-35353020	HMGXB4_direct_+/+	HMGXB4_direct_+/+_(4g)	HMGXB4_direct_+/+_(6r)	False	1	6.783038497007379	0.9999999999999998	0.018601578139867	0.0650130051746111	14	scenicplus_eregulon_direct
HMGXB4	RANBP1	chr22:20111041-20111541	HMGXB4_direct_+/+	HMGXB4_direct_+/+_(4g)	HMGXB4_direct_+/+_(6r)	False	1	1.2561612419933683	0.0542264162742718	0.016026786542909	0.0858965981145776	172	scenicplus_eregulon_direct
JUNB	APOL6	chr22:35602155-35602655	JUNB_direct_+/+	JUNB_direct_+/+_(3g)	JUNB_direct_+/+_(2r)	False	1	0.8012803256056419	0.1161832198347729	0.0166511060924916	0.1450389932095328	230	scenicplus_eregulon_direct
JUNB	PTTG1IP	chr21:44968024-44968524	JUNB_direct_+/+	JUNB_direct_+/+_(3g)	JUNB_direct_+/+_(2r)	False	1	0.7646232047512234	0.0577474368780647	0.0110303921026958	0.1509654831107433	61	scenicplus_eregulon_direct
JUNB	ITGB2	chr21:44968024-44968524	JUNB_direct_+/+	JUNB_direct_+/+_(3g)	JUNB_direct_+/+_(2r)	False	1	0.9747366140922532	0.1244888722646434	0.0126508191582497	0.2399376116413997	34	scenicplus_eregulon_direct
STAT2	SEZ6L	chr22:26432665-26433165	STAT2_direct_+/+	STAT2_direct_+/+_(15g)	STAT2_direct_+/+_(18r)	False	1	0.770419420714008	0.0910640794274271	0.0111668620374086	0.0716980324318605	228	scenicplus_eregulon_direct
STAT2	BACH1	chr21:29233482-29233982	STAT2_direct_+/+	STAT2_direct_+/+_(15g)	STAT2_direct_+/+_(18r)	False	1	0.9721540882736194	0.354607941556797	0.002737268201685	0.4823063595246671	338	scenicplus_eregulon_direct
STAT2	ITSN1	chr21:33514232-33514732	STAT2_direct_+/+	STAT2_direct_+/+_(15g)	STAT2_direct_+/+_(18r)	False	1	0.6948585559331947	0.258651187957149	0.0119756142934635	0.3557245556186314	287	scenicplus_eregulon_direct
STAT2	APOL4	chr22:36320232-36320732	STAT2_direct_+/+	STAT2_direct_+/+_(15g)	STAT2_direct_+/+_(18r)	False	1	1.2403224366763912	0.1107182235029692	0.0110407549898756	0.0897334692462766	151	scenicplus_eregulon_direct
STAT2	BACH1	chr21:29182000-29182500	STAT2_direct_+/+	STAT2_direct_+/+_(15g)	STAT2_direct_+/+_(18r)	False	1	0.9721540882736194	0.354607941556797	0.0345710302075543	0.610548094934089	85	scenicplus_eregulon_direct
STAT2	MX2	chr21:41361721-41362221	STAT2_direct_+/+	STAT2_direct_+/+_(15g)	STAT2_direct_+/+_(18r)	False	1	1.3996230993630887	0.2585240335199759	0.0207290545363727	0.1222683934096219	30	scenicplus_eregulon_direct
STAT2	RTCB	chr22:32407217-32407717	STAT2_direct_+/+	STAT2_direct_+/+_(15g)	STAT2_direct_+/+_(18r)	False	1	1.3953168929300148	0.1433929123984995	0.0274083515938153	0.1249734658624662	101	scenicplus_eregulon_direct
STAT2	PARVG	chr22:44025560-44026060	STAT2_direct_+/+	STAT2_direct_+/+_(15g)	STAT2_direct_+/+_(18r)	False	1	0.6490079902420498	0.172254032753519	0.0129339254599473	0.1749975202391425	401	scenicplus_eregulon_direct
STAT2	DYRK1A	chr21:37257377-37257877	STAT2_direct_+/+	STAT2_direct_+/+_(15g)	STAT2_direct_+/+_(18r)	False	1	0.5645788713822618	0.0885316061260188	0.0073270199040568	0.050771758536682	359	scenicplus_eregulon_direct
STAT2	MRTFA	chr22:40434652-40435152	STAT2_direct_+/+	STAT2_direct_+/+_(15g)	STAT2_direct_+/+_(18r)	False	1	0.5761194096370246	0.196955311894675	0.0060900432878963	0.254958515400927	370	scenicplus_eregulon_direct
STAT2	PARVG	chr22:44026824-44027324	STAT2_direct_+/+	STAT2_direct_+/+_(15g)	STAT2_direct_+/+_(18r)	False	1	0.6490079902420498	0.172254032753519	0.0276867549061176	0.192270845812622	257	scenicplus_eregulon_direct
STAT2	MX1	chr21:41420065-41420565	STAT2_direct_+/+	STAT2_direct_+/+_(15g)	STAT2_direct_+/+_(18r)	False	1	0.7971403719098042	0.2331915670328513	0.0237953263761033	0.2734830864247596	13	scenicplus_eregulon_direct
STAT2	TOP3B	chr22:22063097-22063597	STAT2_direct_+/+	STAT2_direct_+/+_(15g)	STAT2_direct_+/+_(18r)	False	1	1.3337385139450135	0.1048060734549807	0.0074098129150365	0.0870521586428259	249	scenicplus_eregulon_direct
STAT2	H1F0	chr22:37661978-37662478	STAT2_direct_+/+	STAT2_direct_+/+_(15g)	STAT2_direct_+/+_(18r)	False	1	0.8955007001308851	0.1222865652815903	0.0057439372896859	0.100459419830105	344	scenicplus_eregulon_direct
STAT2	HDHD5	chr22:17171455-17171955	STAT2_direct_+/+	STAT2_direct_+/+_(15g)	STAT2_direct_+/+_(18r)	False	1	2.2906098949752622	0.1150482844859909	0.0215925939318621	0.0661941959628049	100	scenicplus_eregulon_direct
STAT2	AP1B1	chr22:29541757-29542257	STAT2_direct_+/+	STAT2_direct_+/+_(15g)	STAT2_direct_+/+_(18r)	False	1	0.98569914913962	0.1827188897912812	0.0145995294459608	0.243545033296382	212	scenicplus_eregulon_direct
STAT2	NCF4	chr22:36873761-36874261	STAT2_direct_+/+	STAT2_direct_+/+_(15g)	STAT2_direct_+/+_(18r)	False	1	0.8178241554727821	0.1298244989490667	0.0074838638997657	0.2348809942331415	292	scenicplus_eregulon_direct
STAT2	SEZ6L	chr22:26431475-26431975	STAT2_direct_+/+	STAT2_direct_+/+_(15g)	STAT2_direct_+/+_(18r)	False	1	0.770419420714008	0.0910640794274271	0.0101499045749546	0.0789214826599046	277	scenicplus_eregulon_direct
TAL1	SYNGR1	chr22:39294209-39294709	TAL1_direct_+/+	TAL1_direct_+/+_(4g)	TAL1_direct_+/+_(5r)	False	1	1.1245841003086006	0.2237772148172752	0.0082590131815427	0.1040667303222842	379	scenicplus_eregulon_direct
TAL1	SYNGR1	chr22:39214173-39214673	TAL1_direct_+/+	TAL1_direct_+/+_(4g)	TAL1_direct_+/+_(5r)	False	1	1.1245841003086006	0.2237772148172752	0.0081962181316445	0.0530398389118296	360	scenicplus_eregulon_direct
TAL1	INPP5J	chr22:31093264-31093764	TAL1_direct_+/+	TAL1_direct_+/+_(4g)	TAL1_direct_+/+_(5r)	False	1	1.0121468945393122	0.3386192914447086	0.0045098544681729	0.057332352626022	410	scenicplus_eregulon_direct
TAL1	IGLL1	chr22:23460604-23461104	TAL1_direct_+/+	TAL1_direct_+/+_(4g)	TAL1_direct_+/+_(5r)	False	1	0.5473609868064185	0.2283021896162259	0.0134888792008854	0.0569683255864216	278	scenicplus_eregulon_direct
TAL1	ERG	chr21:38467244-38467744	TAL1_direct_+/+	TAL1_direct_+/+_(4g)	TAL1_direct_+/+_(5r)	False	1	0.9568526756725504	0.2765470350165754	0.0107713914068677	0.0632373495496426	263	scenicplus_eregulon_direct
TBL1XR1	KCNJ6	chr21:38258608-38259108	TBL1XR1_direct_+/+	TBL1XR1_direct_+/+_(3g)	TBL1XR1_direct_+/+_(6r)	False	1	0.7638357592576777	0.0596153919186648	0.0053900158421747	0.065059341771224	364	scenicplus_eregulon_direct
TBL1XR1	C2CD2	chr21:41928555-41929055	TBL1XR1_direct_+/+	TBL1XR1_direct_+/+_(3g)	TBL1XR1_direct_+/+_(6r)	False	1	2.454403866108892	0.0674057756422173	0.0047776108779975	0.1003439514297435	286	scenicplus_eregulon_direct
TBL1XR1	C2CD2	chr21:41932915-41933415	TBL1XR1_direct_+/+	TBL1XR1_direct_+/+_(3g)	TBL1XR1_direct_+/+_(6r)	False	1	2.454403866108892	0.0674057756422173	0.0205007817739054	0.1285719341688292	72	scenicplus_eregulon_direct
TBL1XR1	KCNJ6	chr21:37825821-37826321	TBL1XR1_direct_+/+	TBL1XR1_direct_+/+_(3g)	TBL1XR1_direct_+/+_(6r)	False	1	0.7638357592576777	0.0596153919186648	0.0043632635859763	0.0768742483350865	383	scenicplus_eregulon_direct
TBL1XR1	C2CD2	chr21:42061345-42061845	TBL1XR1_direct_+/+	TBL1XR1_direct_+/+_(3g)	TBL1XR1_direct_+/+_(6r)	False	1	2.454403866108892	0.0674057756422173	0.0045255591524573	0.0960536776591342	71	scenicplus_eregulon_direct
TBL1XR1	HMGN1	chr21:39348247-39348747	TBL1XR1_direct_+/+	TBL1XR1_direct_+/+_(3g)	TBL1XR1_direct_+/+_(6r)	False	1	1.0986616867347632	0.1183074261066855	0.0132661549889296	0.1664634916811825	319	scenicplus_eregulon_direct
TCF7L2	TBC1D22A	chr22:46971211-46971711	TCF7L2_direct_+/+	TCF7L2_direct_+/+_(38g)	TCF7L2_direct_+/+_(65r)	False	1	1.1228503549194917	0.2665413807632445	0.0060014308739596	0.3015163251717389	293	scenicplus_eregulon_direct
TCF7L2	APOBEC3A	chr22:38951682-38952182	TCF7L2_direct_+/+	TCF7L2_direct_+/+_(38g)	TCF7L2_direct_+/+_(65r)	False	1	2.5800853175690737	0.3945961391342659	0.0336707394681142	0.4563349496727905	78	scenicplus_eregulon_direct
TCF7L2	PACSIN2	chr22:42889186-42889686	TCF7L2_direct_+/+	TCF7L2_direct_+/+_(38g)	TCF7L2_direct_+/+_(65r)	False	1	1.620614275529129	0.221226947783214	0.001806577797527	0.2513257687864714	274	scenicplus_eregulon_direct
TCF7L2	APOL1	chr22:36164621-36165121	TCF7L2_direct_+/+	TCF7L2_direct_+/+_(38g)	TCF7L2_direct_+/+_(65r)	False	1	1.7710494282112057	0.1300308988041791	0.0053171292006768	0.0555760752515314	391	scenicplus_eregulon_direct
TCF7L2	IFNAR2	chr21:33388160-33388660	TCF7L2_direct_+/+	TCF7L2_direct_+/+_(38g)	TCF7L2_direct_+/+_(65r)	False	1	1.6389698342918266	0.1465638928263863	0.0085863770600104	0.0620228685608265	214	scenicplus_eregulon_direct
TCF7L2	TBC1D22A	chr22:46774138-46774638	TCF7L2_direct_+/+	TCF7L2_direct_+/+_(38g)	TCF7L2_direct_+/+_(65r)	False	1	1.1228503549194917	0.2665413807632445	0.013394143923952	0.2454761113488983	270	scenicplus_eregulon_direct
TCF7L2	GRK3	chr22:25651567-25652067	TCF7L2_direct_+/+	TCF7L2_direct_+/+_(38g)	TCF7L2_direct_+/+_(65r)	False	1	2.274911616644605	0.5107995013134157	0.0656724428176047	0.7130583362975639	28	scenicplus_eregulon_direct
TCF7L2	GGA1	chr22:37581505-37582005	TCF7L2_direct_+/+	TCF7L2_direct_+/+_(38g)	TCF7L2_direct_+/+_(65r)	False	1	1.7869242788709827	0.1075226567497598	0.0110830968707993	0.1033429182175603	174	scenicplus_eregulon_direct
TCF7L2	IFNGR2	chr21:33388160-33388660	TCF7L2_direct_+/+	TCF7L2_direct_+/+_(38g)	TCF7L2_direct_+/+_(65r)	False	1	3.541165097806069	0.3540989307363791	0.0097041375296044	0.3884657825758321	117	scenicplus_eregulon_direct
TCF7L2	PLXNB2	chr22:50173166-50173666	TCF7L2_direct_+/+	TCF7L2_direct_+/+_(38g)	TCF7L2_direct_+/+_(65r)	False	1	2.3253424454413314	0.3388487185585729	0.0018672320867579	0.2981370635570482	327	scenicplus_eregulon_direct
TCF7L2	PACSIN2	chr22:43154832-43155332	TCF7L2_direct_+/+	TCF7L2_direct_+/+_(38g)	TCF7L2_direct_+/+_(65r)	False	1	1.620614275529129	0.221226947783214	0.0189515035282196	0.2488335836709994	258	scenicplus_eregulon_direct
TCF7L2	HMOX1	chr22:35410014-35410514	TCF7L2_direct_+/+	TCF7L2_direct_+/+_(38g)	TCF7L2_direct_+/+_(65r)	False	1	4.644301515632734	0.3204777745009193	0.0105772247598162	0.2694638522932215	29	scenicplus_eregulon_direct
TCF7L2	VPS26C	chr21:37257377-37257877	TCF7L2_direct_+/+	TCF7L2_direct_+/+_(38g)	TCF7L2_direct_+/+_(65r)	False	1	1.6460753728391757	0.0928420177955713	0.0095847591285967	0.0783897948427316	65	scenicplus_eregulon_direct
TCF7L2	APOL3	chr22:36164621-36165121	TCF7L2_direct_+/+	TCF7L2_direct_+/+_(38g)	TCF7L2_direct_+/+_(65r)	False	1	3.101984288378393	0.1590619572872199	0.0105715564814047	0.0928395535390403	216	scenicplus_eregulon_direct
TCF7L2	GRK3	chr22:25494678-25495178	TCF7L2_direct_+/+	TCF7L2_direct_+/+_(38g)	TCF7L2_direct_+/+_(65r)	False	1	2.274911616644605	0.5107995013134157	0.0151582219735026	0.6760843124412904	144	scenicplus_eregulon_direct
TCF7L2	AIFM3	chr22:21074115-21074615	TCF7L2_direct_+/+	TCF7L2_direct_+/+_(38g)	TCF7L2_direct_+/+_(65r)	False	1	0.9195054229478256	0.1559330305725183	0.005900180340482	0.115124585873436	127	scenicplus_eregulon_direct
TCF7L2	APOL3	chr22:36212939-36213439	TCF7L2_direct_+/+	TCF7L2_direct_+/+_(38g)	TCF7L2_direct_+/+_(65r)	False	1	3.101984288378393	0.1590619572872199	0.0043323433063485	0.0979899918344452	75	scenicplus_eregulon_direct
TCF7L2	PPM1F	chr22:22063097-22063597	TCF7L2_direct_+/+	TCF7L2_direct_+/+_(38g)	TCF7L2_direct_+/+_(65r)	False	1	1.9125714447327709	0.3110346561425819	0.0181881258862371	0.3464179454308065	154	scenicplus_eregulon_direct
TCF7L2	PARVB	chr22:44076038-44076538	TCF7L2_direct_+/+	TCF7L2_direct_+/+_(38g)	TCF7L2_direct_+/+_(65r)	False	1	1.2084165025714868	0.2445606096849384	0.0082361827871211	0.3140763135947816	223	scenicplus_eregulon_direct
TCF7L2	AGPAT3	chr21:43834781-43835281	TCF7L2_direct_+/+	TCF7L2_direct_+/+_(38g)	TCF7L2_direct_+/+_(65r)	False	1	2.6500758457919096	0.3050755164741026	0.0124685837392879	0.3519151249672943	126	scenicplus_eregulon_direct
TCF7L2	TOM1	chr22:35410014-35410514	TCF7L2_direct_+/+	TCF7L2_direct_+/+_(38g)	TCF7L2_direct_+/+_(65r)	False	1	0.8153765979185373	0.3337746800067393	0.0037271997034338	0.4277724256145385	294	scenicplus_eregulon_direct
TCF7L2	IL17RA	chr22:17232755-17233255	TCF7L2_direct_+/+	TCF7L2_direct_+/+_(38g)	TCF7L2_direct_+/+_(65r)	False	1	1.9150927244520493	0.2951610262018726	0.0326294264926752	0.4164681628494394	97	scenicplus_eregulon_direct
TCF7L2	NFAM1	chr22:42397365-42397865	TCF7L2_direct_+/+	TCF7L2_direct_+/+_(38g)	TCF7L2_direct_+/+_(65r)	False	1	2.0691967393647643	0.3973221037295281	0.0130680852381519	0.4642737927322877	12	scenicplus_eregulon_direct
TCF7L2	IL10RB	chr21:33266105-33266605	TCF7L2_direct_+/+	TCF7L2_direct_+/+_(38g)	TCF7L2_direct_+/+_(65r)	False	1	1.4670131701653455	0.1858155035090607	0.0062942340095796	0.2094326272541449	341	scenicplus_eregulon_direct
TCF7L2	TOM1	chr22:35376871-35377371	TCF7L2_direct_+/+	TCF7L2_direct_+/+_(38g)	TCF7L2_direct_+/+_(65r)	False	1	0.8153765979185373	0.3337746800067393	0.0210347825241398	0.44854655107916	284	scenicplus_eregulon_direct
TCF7L2	ASCC2	chr22:29658113-29658613	TCF7L2_direct_+/+	TCF7L2_direct_+/+_(38g)	TCF7L2_direct_+/+_(65r)	False	1	1.562342742040895	0.1001079765456191	0.0071353911766953	0.0845707124745726	392	scenicplus_eregulon_direct
TCF7L2	MX2	chr21:41368894-41369394	TCF7L2_direct_+/+	TCF7L2_direct_+/+_(38g)	TCF7L2_direct_+/+_(65r)	False	1	3.243878696560891	0.27042835396818	0.0093205078011862	0.1801843658520617	86	scenicplus_eregulon_direct
TCF7L2	TBC1D22A	chr22:46854089-46854589	TCF7L2_direct_+/+	TCF7L2_direct_+/+_(38g)	TCF7L2_direct_+/+_(65r)	False	1	1.1228503549194917	0.2665413807632445	0.0050409304576335	0.2475251857207795	313	scenicplus_eregulon_direct
TCF7L2	GRK3	chr22:25729480-25729980	TCF7L2_direct_+/+	TCF7L2_direct_+/+_(38g)	TCF7L2_direct_+/+_(65r)	False	1	2.274911616644605	0.5107995013134157	0.0049472937292086	0.6987966187172868	185	scenicplus_eregulon_direct
TCF7L2	TCN2	chr22:30609244-30609744	TCF7L2_direct_+/+	TCF7L2_direct_+/+_(38g)	TCF7L2_direct_+/+_(65r)	False	1	1.049708280118966	0.1596652097373228	0.011122909167089	0.1435710199329164	348	scenicplus_eregulon_direct
TCF7L2	OLIG1	chr21:33068449-33068949	TCF7L2_direct_+/+	TCF7L2_direct_+/+_(38g)	TCF7L2_direct_+/+_(65r)	False	1	0.7609059458291904	0.1486203603388469	0.0123386084005901	0.1536391888738185	213	scenicplus_eregulon_direct
TCF7L2	HMOX1	chr22:35376871-35377371	TCF7L2_direct_+/+	TCF7L2_direct_+/+_(38g)	TCF7L2_direct_+/+_(65r)	False	1	4.644301515632734	0.3204777745009193	0.0166312643732729	0.2756990787165708	82	scenicplus_eregulon_direct
TCF7L2	GRIK1	chr21:29697459-29697959	TCF7L2_direct_+/+	TCF7L2_direct_+/+_(38g)	TCF7L2_direct_+/+_(65r)	False	1	0.8215430589113143	0.1703227191697692	0.0067313624269256	0.1799663017021197	301	scenicplus_eregulon_direct
TCF7L2	GRK3	chr22:25669541-25670041	TCF7L2_direct_+/+	TCF7L2_direct_+/+_(38g)	TCF7L2_direct_+/+_(65r)	False	1	2.274911616644605	0.5107995013134157	0.0159841819762254	0.7078722129993537	51	scenicplus_eregulon_direct
TCF7L2	APOBEC3A	chr22:38982053-38982553	TCF7L2_direct_+/+	TCF7L2_direct_+/+_(38g)	TCF7L2_direct_+/+_(65r)	False	1	2.5800853175690737	0.3945961391342659	0.0029755690179966	0.4561183476423173	288	scenicplus_eregulon_direct
TCF7L2	TOM1	chr22:35477801-35478301	TCF7L2_direct_+/+	TCF7L2_direct_+/+_(38g)	TCF7L2_direct_+/+_(65r)	False	1	0.8153765979185373	0.3337746800067393	0.0400268721195218	0.4463406849086341	110	scenicplus_eregulon_direct
TCF7L2	MX1	chr21:41368894-41369394	TCF7L2_direct_+/+	TCF7L2_direct_+/+_(38g)	TCF7L2_direct_+/+_(65r)	False	1	0.9782215381859484	0.2314283423971256	0.0054544790637004	0.1953748064541095	273	scenicplus_eregulon_direct
TCF7L2	BID	chr22:17639380-17639880	TCF7L2_direct_+/+	TCF7L2_direct_+/+_(38g)	TCF7L2_direct_+/+_(65r)	False	1	1.9074823000305143	0.2546538024099897	0.007687324405475	0.2756179639505517	256	scenicplus_eregulon_direct
TCF7L2	PARVB	chr22:44068718-44069218	TCF7L2_direct_+/+	TCF7L2_direct_+/+_(38g)	TCF7L2_direct_+/+_(65r)	False	1	1.2084165025714868	0.2445606096849384	0.0170011428121976	0.3267612154549648	298	scenicplus_eregulon_direct
TCF7L2	ADA2	chr22:17232755-17233255	TCF7L2_direct_+/+	TCF7L2_direct_+/+_(38g)	TCF7L2_direct_+/+_(65r)	False	1	2.268206717962963	0.2752187349877757	0.014618284310252	0.2668818340921602	169	scenicplus_eregulon_direct
TCF7L2	MAPK1	chr22:21818467-21818967	TCF7L2_direct_+/+	TCF7L2_direct_+/+_(38g)	TCF7L2_direct_+/+_(65r)	False	1	1.2662212835128015	0.2351242963981334	0.0113665461753509	0.262713636724127	340	scenicplus_eregulon_direct
TCF7L2	BACH1	chr21:29125217-29125717	TCF7L2_direct_+/+	TCF7L2_direct_+/+_(38g)	TCF7L2_direct_+/+_(65r)	False	1	3.837398808601099	0.4771171972004049	0.0004729962120467	0.223862474764492	221	scenicplus_eregulon_direct
TCF7L2	AIFM3	chr22:21044911-21045411	TCF7L2_direct_+/+	TCF7L2_direct_+/+_(38g)	TCF7L2_direct_+/+_(65r)	False	1	0.9195054229478256	0.1559330305725183	0.024765758267266	0.1363024542466638	165	scenicplus_eregulon_direct
TCF7L2	BACH1	chr21:29208537-29209037	TCF7L2_direct_+/+	TCF7L2_direct_+/+_(38g)	TCF7L2_direct_+/+_(65r)	False	1	3.837398808601099	0.4771171972004049	0.0817854315319838	0.6087627339725046	5	scenicplus_eregulon_direct
TCF7L2	MTMR3	chr22:29871364-29871864	TCF7L2_direct_+/+	TCF7L2_direct_+/+_(38g)	TCF7L2_direct_+/+_(65r)	False	1	0.8989527591836436	0.222333758124971	0.0050294433394254	0.2809235264328057	354	scenicplus_eregulon_direct
TCF7L2	BACH1	chr21:29639994-29640494	TCF7L2_direct_+/+	TCF7L2_direct_+/+_(38g)	TCF7L2_direct_+/+_(65r)	False	1	3.837398808601099	0.4771171972004049	0.026068786955584	0.6052097805333296	6	scenicplus_eregulon_direct
TCF7L2	BACH1	chr21:29238857-29239357	TCF7L2_direct_+/+	TCF7L2_direct_+/+_(38g)	TCF7L2_direct_+/+_(65r)	False	1	3.837398808601099	0.4771171972004049	0.0255954113868622	0.6082131844643635	55	scenicplus_eregulon_direct
TCF7L2	IFNGR2	chr21:33265581-33266081	TCF7L2_direct_+/+	TCF7L2_direct_+/+_(38g)	TCF7L2_direct_+/+_(65r)	False	1	3.541165097806069	0.3540989307363791	0.0058625338311299	0.3918865025984586	42	scenicplus_eregulon_direct
TCF7L2	PITPNB	chr22:27760834-27761334	TCF7L2_direct_+/+	TCF7L2_direct_+/+_(38g)	TCF7L2_direct_+/+_(65r)	False	1	0.8346598652153613	0.1128532177356462	0.008021461914562	0.1152856340185413	275	scenicplus_eregulon_direct
TCF7L2	PARVB	chr22:44025560-44026060	TCF7L2_direct_+/+	TCF7L2_direct_+/+_(38g)	TCF7L2_direct_+/+_(65r)	False	1	1.2084165025714868	0.2445606096849384	0.0074975608333688	0.2919638350158104	396	scenicplus_eregulon_direct
TCF7L2	BACH1	chr21:29647349-29647849	TCF7L2_direct_+/+	TCF7L2_direct_+/+_(38g)	TCF7L2_direct_+/+_(65r)	False	1	3.837398808601099	0.4771171972004049	9.26640451813446e-05	0.6156879914265947	182	scenicplus_eregulon_direct
TCF7L2	UPK3A	chr22:45213368-45213868	TCF7L2_direct_+/+	TCF7L2_direct_+/+_(38g)	TCF7L2_direct_+/+_(65r)	False	1	0.8274636482995515	0.0742080873736092	0.0051192847400325	0.0636002991502658	336	scenicplus_eregulon_direct
TCF7L2	APOL2	chr22:36373053-36373553	TCF7L2_direct_+/+	TCF7L2_direct_+/+_(38g)	TCF7L2_direct_+/+_(65r)	False	1	2.310490552349333	0.1566857078231455	0.0093352548170264	0.1115577203114305	190	scenicplus_eregulon_direct
TCF7L2	BACH1	chr21:29697459-29697959	TCF7L2_direct_+/+	TCF7L2_direct_+/+_(38g)	TCF7L2_direct_+/+_(65r)	False	1	3.837398808601099	0.4771171972004049	0.0002717809046001	0.5958450731088655	170	scenicplus_eregulon_direct
TCF7L2	IL10RB	chr21:33265581-33266081	TCF7L2_direct_+/+	TCF7L2_direct_+/+_(38g)	TCF7L2_direct_+/+_(65r)	False	1	1.4670131701653455	0.1858155035090607	0.0301397582037166	0.2175672214394462	21	scenicplus_eregulon_direct
TCF7L2	MAPK1	chr22:21632470-21632970	TCF7L2_direct_+/+	TCF7L2_direct_+/+_(38g)	TCF7L2_direct_+/+_(65r)	False	1	1.2662212835128015	0.2351242963981334	0.0072654486476056	0.2091919434910291	323	scenicplus_eregulon_direct
TCF7L2	APOL2	chr22:36212939-36213439	TCF7L2_direct_+/+	TCF7L2_direct_+/+_(38g)	TCF7L2_direct_+/+_(65r)	False	1	2.310490552349333	0.1566857078231455	0.009821734056547	0.1111897031695345	80	scenicplus_eregulon_direct
TCF7L2	TOP3B	chr22:22063097-22063597	TCF7L2_direct_+/+	TCF7L2_direct_+/+_(38g)	TCF7L2_direct_+/+_(65r)	False	1	1.8730084993626384	0.0650155892504637	0.0074098129150365	0.0870521586428259	266	scenicplus_eregulon_direct
TCF7L2	GRK3	chr22:25417565-25418065	TCF7L2_direct_+/+	TCF7L2_direct_+/+_(38g)	TCF7L2_direct_+/+_(65r)	False	1	2.274911616644605	0.5107995013134157	0.0673443851599898	0.6847161176687616	19	scenicplus_eregulon_direct
TCF7L2	GRK3	chr22:25650819-25651319	TCF7L2_direct_+/+	TCF7L2_direct_+/+_(38g)	TCF7L2_direct_+/+_(65r)	False	1	2.274911616644605	0.5107995013134157	0.0022436820864745	0.3965864740397209	311	scenicplus_eregulon_direct
TCF7L2	GRIK1	chr21:29647349-29647849	TCF7L2_direct_+/+	TCF7L2_direct_+/+_(38g)	TCF7L2_direct_+/+_(65r)	False	1	0.8215430589113143	0.1703227191697692	0.0187028013332276	0.1852822563210096	241	scenicplus_eregulon_direct
TCF7L2	AGPAT3	chr21:43725541-43726041	TCF7L2_direct_+/+	TCF7L2_direct_+/+_(38g)	TCF7L2_direct_+/+_(65r)	False	1	2.6500758457919096	0.3050755164741026	0.0048369461014622	0.3544511087387079	215	scenicplus_eregulon_direct
TCF7L2	VPS26C	chr21:37207999-37208499	TCF7L2_direct_+/+	TCF7L2_direct_+/+_(38g)	TCF7L2_direct_+/+_(65r)	False	1	1.6460753728391757	0.0928420177955713	0.0174894430964082	0.0775522678484379	90	scenicplus_eregulon_direct
TCF7L2	ADA2	chr22:17105464-17105964	TCF7L2_direct_+/+	TCF7L2_direct_+/+_(38g)	TCF7L2_direct_+/+_(65r)	False	1	2.268206717962963	0.2752187349877757	0.0040274416139434	0.2224124260898301	320	scenicplus_eregulon_direct
TCF7L2	UPK3A	chr22:45289708-45290208	TCF7L2_direct_+/+	TCF7L2_direct_+/+_(38g)	TCF7L2_direct_+/+_(65r)	False	1	0.8274636482995515	0.0742080873736092	0.0042756255070203	0.0644582697813035	369	scenicplus_eregulon_direct
TCF7L2	APOL2	chr22:36164621-36165121	TCF7L2_direct_+/+	TCF7L2_direct_+/+_(38g)	TCF7L2_direct_+/+_(65r)	False	1	2.310490552349333	0.1566857078231455	0.0104122531397122	0.1157783096995939	290	scenicplus_eregulon_direct
TCF7L2	BACH1	chr21:29090068-29090568	TCF7L2_direct_+/+	TCF7L2_direct_+/+_(38g)	TCF7L2_direct_+/+_(65r)	False	1	3.837398808601099	0.4771171972004049	0.017488105065329	0.602744198494305	77	scenicplus_eregulon_direct
TCF7L2	PTTG1IP	chr21:44880797-44881297	TCF7L2_direct_+/+	TCF7L2_direct_+/+_(38g)	TCF7L2_direct_+/+_(65r)	False	1	0.7989199757670667	0.1292061216417668	0.027637683442806	0.1545864187505441	39	scenicplus_eregulon_direct
TCF7L2	GRIK1	chr21:29639994-29640494	TCF7L2_direct_+/+	TCF7L2_direct_+/+_(38g)	TCF7L2_direct_+/+_(65r)	False	1	0.8215430589113143	0.1703227191697692	0.0241380680873994	0.1838385237624066	73	scenicplus_eregulon_direct
TCF7L2	IL10RB	chr21:33388160-33388660	TCF7L2_direct_+/+	TCF7L2_direct_+/+_(38g)	TCF7L2_direct_+/+_(65r)	False	1	1.4670131701653455	0.1858155035090607	0.0028741211720277	0.2138975013057947	358	scenicplus_eregulon_direct
TCF7L2	GGA1	chr22:37731759-37732259	TCF7L2_direct_+/+	TCF7L2_direct_+/+_(38g)	TCF7L2_direct_+/+_(65r)	False	1	1.7869242788709827	0.1075226567497598	0.0132447925898162	0.0997953647419307	219	scenicplus_eregulon_direct
TCF7L2	IFNGR2	chr21:33266105-33266605	TCF7L2_direct_+/+	TCF7L2_direct_+/+_(38g)	TCF7L2_direct_+/+_(65r)	False	1	3.541165097806069	0.3540989307363791	0.0020128429568285	0.3901706315987306	234	scenicplus_eregulon_direct
TCF7L2	APOBEC3A	chr22:39013875-39014375	TCF7L2_direct_+/+	TCF7L2_direct_+/+_(38g)	TCF7L2_direct_+/+_(65r)	False	1	2.5800853175690737	0.3945961391342659	0.0027119476094574	0.0924175572239753	225	scenicplus_eregulon_direct
TCF7L2	USP25	chr21:15682937-15683437	TCF7L2_direct_+/+	TCF7L2_direct_+/+_(38g)	TCF7L2_direct_+/+_(65r)	False	1	1.6243465075209964	0.2675583285895249	0.0293986385720273	0.3489498084379339	63	scenicplus_eregulon_direct
TCF7L2	AGPAT3	chr21:43849706-43850206	TCF7L2_direct_+/+	TCF7L2_direct_+/+_(38g)	TCF7L2_direct_+/+_(65r)	False	1	2.6500758457919096	0.3050755164741026	0.0243790328339241	0.3551699743335282	50	scenicplus_eregulon_direct
TCF7L2	SELENOO	chr22:50173166-50173666	TCF7L2_direct_+/+	TCF7L2_direct_+/+_(38g)	TCF7L2_direct_+/+_(65r)	False	1	0.7338714468410309	0.1341107054674228	0.0111254017084368	0.1185099132188788	342	scenicplus_eregulon_direct
TCF7L2	ADA2	chr22:17236903-17237403	TCF7L2_direct_+/+	TCF7L2_direct_+/+_(38g)	TCF7L2_direct_+/+_(65r)	False	1	2.268206717962963	0.2752187349877757	0.0113250993968611	0.2989010192661747	194	scenicplus_eregulon_direct
TCF7L2	PTTG1IP	chr21:44907996-44908496	TCF7L2_direct_+/+	TCF7L2_direct_+/+_(38g)	TCF7L2_direct_+/+_(65r)	False	1	0.7989199757670667	0.1292061216417668	0.0071615017463703	0.1442489250153106	318	scenicplus_eregulon_direct
TCF7L2	HMOX1	chr22:35477801-35478301	TCF7L2_direct_+/+	TCF7L2_direct_+/+_(38g)	TCF7L2_direct_+/+_(65r)	False	1	4.644301515632734	0.3204777745009193	0.0181597931780242	0.2705882982044746	59	scenicplus_eregulon_direct
TCF7L2	BACH1	chr21:29196278-29196778	TCF7L2_direct_+/+	TCF7L2_direct_+/+_(38g)	TCF7L2_direct_+/+_(65r)	False	1	3.837398808601099	0.4771171972004049	0.0017212575835706	0.6136175852567883	138	scenicplus_eregulon_direct
TCF7L2	IFNAR2	chr21:33266105-33266605	TCF7L2_direct_+/+	TCF7L2_direct_+/+_(38g)	TCF7L2_direct_+/+_(65r)	False	1	1.6389698342918266	0.1465638928263863	0.0277556570919516	0.1108176075434188	149	scenicplus_eregulon_direct
TCF7L2	BACH1	chr21:29190941-29191441	TCF7L2_direct_+/+	TCF7L2_direct_+/+_(38g)	TCF7L2_direct_+/+_(65r)	False	1	3.837398808601099	0.4771171972004049	0.0262933041487068	0.6047203695259766	66	scenicplus_eregulon_direct
TCF7L2	MTMR3	chr22:29935464-29935964	TCF7L2_direct_+/+	TCF7L2_direct_+/+_(38g)	TCF7L2_direct_+/+_(65r)	False	1	0.8989527591836436	0.222333758124971	0.0204402411049104	0.2911186206621343	192	scenicplus_eregulon_direct
TCF7L2	PPM1F	chr22:21818467-21818967	TCF7L2_direct_+/+	TCF7L2_direct_+/+_(38g)	TCF7L2_direct_+/+_(65r)	False	1	1.9125714447327709	0.3110346561425819	0.0041942151776968	0.3483607368866065	377	scenicplus_eregulon_direct
ZBTB7A	DIP2A	chr21:46596178-46596678	ZBTB7A_direct_+/+	ZBTB7A_direct_+/+_(8g)	ZBTB7A_direct_+/+_(24r)	False	1	0.5894979863136504	0.105961478780711	0.0040148296481996	0.0524659495973143	398	scenicplus_eregulon_direct
ZBTB7A	UPK3A	chr22:45429827-45430327	ZBTB7A_direct_+/+	ZBTB7A_direct_+/+_(8g)	ZBTB7A_direct_+/+_(24r)	False	1	1.0610630878667149	0.0797700255871221	0.0074037240287954	0.0722119251080105	309	scenicplus_eregulon_direct
ZBTB7A	RBX1	chr22:41022084-41022584	ZBTB7A_direct_+/+	ZBTB7A_direct_+/+_(8g)	ZBTB7A_direct_+/+_(24r)	False	1	0.5853526186611352	0.0904688165695645	0.0116276948056225	0.0508449047034112	366	scenicplus_eregulon_direct
ZBTB7A	EWSR1	chr22:29263828-29264328	ZBTB7A_direct_+/+	ZBTB7A_direct_+/+_(8g)	ZBTB7A_direct_+/+_(24r)	False	1	0.7063686223932496	0.1182787787364149	0.0209807270311917	0.0584896128762188	300	scenicplus_eregulon_direct
ZBTB7A	APOBEC3B	chr22:38927167-38927667	ZBTB7A_direct_+/+	ZBTB7A_direct_+/+_(8g)	ZBTB7A_direct_+/+_(24r)	False	1	0.6059969993705949	0.0574166448238442	0.0128952806596612	0.072951274368509	254	scenicplus_eregulon_direct
ZBTB7A	EWSR1	chr22:29310946-29311446	ZBTB7A_direct_+/+	ZBTB7A_direct_+/+_(8g)	ZBTB7A_direct_+/+_(24r)	False	1	0.7063686223932496	0.1182787787364149	0.0126348865804716	0.0606183891713782	404	scenicplus_eregulon_direct
ZBTB7A	DIP2A	chr21:46393911-46394411	ZBTB7A_direct_+/+	ZBTB7A_direct_+/+_(8g)	ZBTB7A_direct_+/+_(24r)	False	1	0.5894979863136504	0.105961478780711	0.0015961349404847	0.1937619900529388	425	scenicplus_eregulon_direct
ZBTB7A	DIP2A	chr21:46605084-46605584	ZBTB7A_direct_+/+	ZBTB7A_direct_+/+_(8g)	ZBTB7A_direct_+/+_(24r)	False	1	0.5894979863136504	0.105961478780711	0.0016227661984148	0.1912228527220263	427	scenicplus_eregulon_direct
ZBTB7A	DIP2A	chr21:46667179-46667679	ZBTB7A_direct_+/+	ZBTB7A_direct_+/+_(8g)	ZBTB7A_direct_+/+_(24r)	False	1	0.5894979863136504	0.105961478780711	0.00541343755077	0.1351635580951576	385	scenicplus_eregulon_direct
ZBTB7A	UPK3A	chr22:45285451-45285951	ZBTB7A_direct_+/+	ZBTB7A_direct_+/+_(8g)	ZBTB7A_direct_+/+_(24r)	False	1	1.0610630878667149	0.0797700255871221	0.0056970696997117	0.1121430532939035	303	scenicplus_eregulon_direct
ZBTB7A	DIP2A	chr21:46423917-46424417	ZBTB7A_direct_+/+	ZBTB7A_direct_+/+_(8g)	ZBTB7A_direct_+/+_(24r)	False	1	0.5894979863136504	0.105961478780711	0.0016793985725369	0.1474641808847693	417	scenicplus_eregulon_direct
ZBTB7A	DIP2A	chr21:46622176-46622676	ZBTB7A_direct_+/+	ZBTB7A_direct_+/+_(8g)	ZBTB7A_direct_+/+_(24r)	False	1	0.5894979863136504	0.105961478780711	0.004469336192093	0.110434959581832	314	scenicplus_eregulon_direct
ZBTB7A	DIP2A	chr21:46568059-46568559	ZBTB7A_direct_+/+	ZBTB7A_direct_+/+_(8g)	ZBTB7A_direct_+/+_(24r)	False	1	0.5894979863136504	0.105961478780711	0.0028863855617051	0.0802865907130097	413	scenicplus_eregulon_direct
ZBTB7A	SH3BP1	chr22:37574583-37575083	ZBTB7A_direct_+/+	ZBTB7A_direct_+/+_(8g)	ZBTB7A_direct_+/+_(24r)	False	1	0.5705470535553957	0.1199204390366019	0.0180780732634513	0.09504689001563	339	scenicplus_eregulon_direct
ZBTB7A	EWSR1	chr22:29266476-29266976	ZBTB7A_direct_+/+	ZBTB7A_direct_+/+_(8g)	ZBTB7A_direct_+/+_(24r)	False	1	0.7063686223932496	0.1182787787364149	0.0132966482267689	0.0601422218627986	329	scenicplus_eregulon_direct
ZBTB7A	SLC25A18	chr22:17720923-17721423	ZBTB7A_direct_+/+	ZBTB7A_direct_+/+_(8g)	ZBTB7A_direct_+/+_(24r)	False	1	3.0998370991655104	0.0544755935727441	0.0224479263326332	0.0507609947554925	98	scenicplus_eregulon_direct
ZBTB7A	DIP2A	chr21:46334629-46335129	ZBTB7A_direct_+/+	ZBTB7A_direct_+/+_(8g)	ZBTB7A_direct_+/+_(24r)	False	1	0.5894979863136504	0.105961478780711	0.0048736095437255	0.1294312782800296	17	scenicplus_eregulon_direct
ZBTB7A	APOBEC3B	chr22:38964612-38965112	ZBTB7A_direct_+/+	ZBTB7A_direct_+/+_(8g)	ZBTB7A_direct_+/+_(24r)	False	1	0.6059969993705949	0.0574166448238442	0.0230693387738954	0.0751922889770616	222	scenicplus_eregulon_direct
ZBTB7A	DIP2A	chr21:46471372-46471872	ZBTB7A_direct_+/+	ZBTB7A_direct_+/+_(8g)	ZBTB7A_direct_+/+_(24r)	False	1	0.5894979863136504	0.105961478780711	0.0016266727027189	0.1922829681746101	420	scenicplus_eregulon_direct
ZBTB7A	DIP2A	chr21:46532016-46532516	ZBTB7A_direct_+/+	ZBTB7A_direct_+/+_(8g)	ZBTB7A_direct_+/+_(24r)	False	1	0.5894979863136504	0.105961478780711	0.0094980111699552	0.1512017244118345	334	scenicplus_eregulon_direct
ZBTB7A	DIP2A	chr21:46550603-46551103	ZBTB7A_direct_+/+	ZBTB7A_direct_+/+_(8g)	ZBTB7A_direct_+/+_(24r)	False	1	0.5894979863136504	0.105961478780711	0.0095203630040497	0.1691957257423277	384	scenicplus_eregulon_direct
ZBTB7A	SH3BP1	chr22:37674843-37675343	ZBTB7A_direct_+/+	ZBTB7A_direct_+/+_(8g)	ZBTB7A_direct_+/+_(24r)	False	1	0.5705470535553957	0.1199204390366019	0.0152440132015675	0.1244101413775815	368	scenicplus_eregulon_direct
ZBTB7A	APOBEC3G	chr22:39097053-39097553	ZBTB7A_direct_+/+	ZBTB7A_direct_+/+_(8g)	ZBTB7A_direct_+/+_(24r)	False	1	0.747189605887437	0.1395000679708899	0.0178842416481885	0.1117001346806637	268	scenicplus_eregulon_direct
ZBTB7A	UPK3A	chr22:45308776-45309276	ZBTB7A_direct_+/+	ZBTB7A_direct_+/+_(8g)	ZBTB7A_direct_+/+_(24r)	False	1	1.0610630878667149	0.0797700255871221	0.0032178334808171	0.0576704330571858	240	scenicplus_eregulon_direct
ZNF91	MEI1	chr22:41666615-41667115	ZNF91_direct_+/+	ZNF91_direct_+/+_(4g)	ZNF91_direct_+/+_(5r)	False	1	2.549433599991625	0.0533277336591496	0.0061618336723878	0.0940221385721131	248	scenicplus_eregulon_direct
ZNF91	RGL4	chr22:23767615-23768115	ZNF91_direct_+/+	ZNF91_direct_+/+_(4g)	ZNF91_direct_+/+_(5r)	False	1	1.0078789352241702	0.1394439948478963	0.0194463478006472	0.1573451357095186	175	scenicplus_eregulon_direct
ZNF91	CABIN1	chr22:23897901-23898401	ZNF91_direct_+/+	ZNF91_direct_+/+_(4g)	ZNF91_direct_+/+_(5r)	False	1	0.8588812888862618	0.0775935326481483	0.006023916256317	0.0510317236528428	365	scenicplus_eregulon_direct
ZNF91	CABIN1	chr22:24060954-24061454	ZNF91_direct_+/+	ZNF91_direct_+/+_(4g)	ZNF91_direct_+/+_(5r)	False	1	0.8588812888862618	0.0775935326481483	0.0139490818816397	0.0593720344318233	237	scenicplus_eregulon_direct
ZNF91	ATP5PO	chr21:33924657-33925157	ZNF91_direct_+/+	ZNF91_direct_+/+_(4g)	ZNF91_direct_+/+_(5r)	False	1	1.2818475875435715	0.1138307811156194	0.0108721938165422	0.0841135014777659	220	scenicplus_eregulon_direct
BCL11A	DOP1B	chr21:36321501-36322001	BCL11A_direct_+/-	BCL11A_direct_+/-_(5g)	BCL11A_direct_+/-_(4r)	False	1	4.311467733752574	0.2181939075397425	0.0114145767891313	-0.1396049150291684	49	scenicplus_eregulon_direct
BCL11A	MICAL3	chr22:18116068-18116568	BCL11A_direct_+/-	BCL11A_direct_+/-_(5g)	BCL11A_direct_+/-_(4r)	False	1	2.91172248936619	0.276244605607607	0.0010092839116883	-0.1669738371581816	285	scenicplus_eregulon_direct
BCL11A	TNFRSF13C	chr22:42069917-42070417	BCL11A_direct_+/-	BCL11A_direct_+/-_(5g)	BCL11A_direct_+/-_(4r)	False	1	1.8212620528239376	0.2973120450177129	0.0052714791814315	-0.0829384279620779	162	scenicplus_eregulon_direct
BCL11A	DERL3	chr22:23786870-23787370	BCL11A_direct_+/-	BCL11A_direct_+/-_(5g)	BCL11A_direct_+/-_(4r)	False	1	2.657173925567294	0.2241235389602838	0.0089416990059119	-0.0994117115638222	197	scenicplus_eregulon_direct
BCL11A	VPREB3	chr22:23786870-23787370	BCL11A_direct_+/-	BCL11A_direct_+/-_(5g)	BCL11A_direct_+/-_(4r)	False	1	1.9597909087090104	0.2830351121911491	0.0069589707923548	-0.1497145576080944	289	scenicplus_eregulon_direct
CREB5	ODF3B	chr22:50507918-50508418	CREB5_direct_+/-	CREB5_direct_+/-_(6g)	CREB5_direct_+/-_(4r)	False	1	2.680537631442093	0.333009614614306	0.0069291084533712	-0.3106883898752304	76	scenicplus_eregulon_direct
CREB5	CLTCL1	chr22:19144515-19145015	CREB5_direct_+/-	CREB5_direct_+/-_(6g)	CREB5_direct_+/-_(4r)	False	1	2.1716430985469484	0.2400030086409383	0.0163056295549148	-0.1928999933248242	45	scenicplus_eregulon_direct
CREB5	SCO2	chr22:50507918-50508418	CREB5_direct_+/-	CREB5_direct_+/-_(6g)	CREB5_direct_+/-_(4r)	False	1	3.743723861331521	0.4484467797575409	0.0022808081051928	-0.3937120259119688	88	scenicplus_eregulon_direct
CREB5	AGPAT3	chr21:43789210-43789710	CREB5_direct_+/-	CREB5_direct_+/-_(6g)	CREB5_direct_+/-_(4r)	False	1	2.1271869212905155	0.2927101003541121	0.003554081267272	-0.3449830081074777	152	scenicplus_eregulon_direct
CREB5	TYMP	chr22:50507918-50508418	CREB5_direct_+/-	CREB5_direct_+/-_(6g)	CREB5_direct_+/-_(4r)	False	1	7.728688106723693	0.5969039303935224	0.000722459319302	-0.5472085312052511	8	scenicplus_eregulon_direct
CREB5	NFAM1	chr22:42283584-42284084	CREB5_direct_+/-	CREB5_direct_+/-_(6g)	CREB5_direct_+/-_(4r)	False	1	3.1463585097063067	0.4446502998542956	0.004033844926295	-0.4348842514851573	27	scenicplus_eregulon_direct
EGR2	SMTN	chr22:30968930-30969430	EGR2_direct_+/-	EGR2_direct_+/-_(4g)	EGR2_direct_+/-_(6r)	False	1	2.657789697849526	0.0994241921304662	0.0123068943015454	-0.0697450651316546	62	scenicplus_eregulon_direct
EGR2	SMTN	chr22:31081015-31081515	EGR2_direct_+/-	EGR2_direct_+/-_(4g)	EGR2_direct_+/-_(6r)	False	1	2.657789697849526	0.0994241921304662	0.0200525706333453	-0.0804493131577583	87	scenicplus_eregulon_direct
EGR2	ASPHD2	chr22:26448661-26449161	EGR2_direct_+/-	EGR2_direct_+/-_(4g)	EGR2_direct_+/-_(6r)	False	1	2.5596281352508257	0.2031498647509075	0.0090646724106942	-0.1139517782661948	70	scenicplus_eregulon_direct
EGR2	SERPIND1	chr22:20785030-20785530	EGR2_direct_+/-	EGR2_direct_+/-_(4g)	EGR2_direct_+/-_(6r)	False	1	1.690185162406628	0.1775983485734745	0.0067939451646357	-0.0599022341624192	282	scenicplus_eregulon_direct
EGR2	SMTN	chr22:31107424-31107924	EGR2_direct_+/-	EGR2_direct_+/-_(4g)	EGR2_direct_+/-_(6r)	False	1	2.657789697849526	0.0994241921304662	0.0062328204688687	-0.0834579335509245	105	scenicplus_eregulon_direct
EGR2	TCN2	chr22:30666987-30667487	EGR2_direct_+/-	EGR2_direct_+/-_(4g)	EGR2_direct_+/-_(6r)	False	1	2.055607357964587	0.0756099049933659	0.0443159088040307	-0.1668465396372339	91	scenicplus_eregulon_direct
ELF2	PPP6R2	chr22:50525398-50525898	ELF2_direct_+/-	ELF2_direct_+/-_(16g)	ELF2_direct_+/-_(44r)	False	1	0.6758996303457302	0.1180928707871658	0.0055092455156496	-0.0962740256832789	374	scenicplus_eregulon_direct
ELF2	SLC19A1	chr21:45576811-45577311	ELF2_direct_+/-	ELF2_direct_+/-_(16g)	ELF2_direct_+/-_(44r)	False	1	0.9589750479661006	0.1512123556455624	0.0109933629094685	-0.1852633997890172	231	scenicplus_eregulon_direct
ELF2	POLDIP3	chr22:42614684-42615184	ELF2_direct_+/-	ELF2_direct_+/-_(16g)	ELF2_direct_+/-_(44r)	False	1	2.088184114491303	0.1224642766511484	0.012766320419204	-0.0875933219670772	36	scenicplus_eregulon_direct
ELF2	GCAT	chr22:37686155-37686655	ELF2_direct_+/-	ELF2_direct_+/-_(16g)	ELF2_direct_+/-_(44r)	False	1	0.572840355322308	0.0593580590055188	0.0043606026405917	-0.0581404309735872	361	scenicplus_eregulon_direct
ELF2	PHETA2	chr22:41941144-41941644	ELF2_direct_+/-	ELF2_direct_+/-_(16g)	ELF2_direct_+/-_(44r)	False	1	0.6652922735443532	0.0593128377857071	0.0131247901746237	-0.0588743032239558	389	scenicplus_eregulon_direct
ELF2	SLC19A1	chr21:45589711-45590211	ELF2_direct_+/-	ELF2_direct_+/-_(16g)	ELF2_direct_+/-_(44r)	False	1	0.9589750479661006	0.1512123556455624	0.0161862687201234	-0.1404058951913596	335	scenicplus_eregulon_direct
ELF2	SMTN	chr22:31107424-31107924	ELF2_direct_+/-	ELF2_direct_+/-_(16g)	ELF2_direct_+/-_(44r)	False	1	0.4661839398211534	0.0674036137620268	0.0062328204688687	-0.0834579335509245	423	scenicplus_eregulon_direct
ELF2	GCAT	chr22:37807639-37808139	ELF2_direct_+/-	ELF2_direct_+/-_(16g)	ELF2_direct_+/-_(44r)	False	1	0.572840355322308	0.0593580590055188	0.0184415586656546	-0.0509966006862695	333	scenicplus_eregulon_direct
ELF2	POLDIP3	chr22:42648180-42648680	ELF2_direct_+/-	ELF2_direct_+/-_(16g)	ELF2_direct_+/-_(44r)	False	1	2.088184114491303	0.1224642766511484	0.0147575270619618	-0.0528950123871444	136	scenicplus_eregulon_direct
ELF2	BACH1	chr21:29436375-29436875	ELF2_direct_+/-	ELF2_direct_+/-_(16g)	ELF2_direct_+/-_(44r)	False	1	0.5967095755863174	0.3069115330986218	0.0021621356403808	-0.5525050349864223	416	scenicplus_eregulon_direct
ELF2	SLC19A1	chr21:45450335-45450835	ELF2_direct_+/-	ELF2_direct_+/-_(16g)	ELF2_direct_+/-_(44r)	False	1	0.9589750479661006	0.1512123556455624	0.0078685739421628	-0.0663097327112662	203	scenicplus_eregulon_direct
ELF2	SLC37A1	chr21:42453105-42453605	ELF2_direct_+/-	ELF2_direct_+/-_(16g)	ELF2_direct_+/-_(44r)	False	1	0.8811600265242074	0.1102367754393233	0.0071217891013483	-0.0717647180043375	400	scenicplus_eregulon_direct
ELF2	SMTN	chr22:31084671-31085171	ELF2_direct_+/-	ELF2_direct_+/-_(16g)	ELF2_direct_+/-_(44r)	False	1	0.4661839398211534	0.0674036137620268	0.005324099745062	-0.0784867820226043	395	scenicplus_eregulon_direct
ELF2	NCF4	chr22:36781930-36782430	ELF2_direct_+/-	ELF2_direct_+/-_(16g)	ELF2_direct_+/-_(44r)	False	1	0.7374611360015756	0.1956222281868398	0.0081714863883322	-0.1513218880648234	326	scenicplus_eregulon_direct
ELF2	SLC37A1	chr21:42425146-42425646	ELF2_direct_+/-	ELF2_direct_+/-_(16g)	ELF2_direct_+/-_(44r)	False	1	0.8811600265242074	0.1102367754393233	0.0118538254258252	-0.1400799017364319	252	scenicplus_eregulon_direct
ELF2	PPP6R2	chr22:50289942-50290442	ELF2_direct_+/-	ELF2_direct_+/-_(16g)	ELF2_direct_+/-_(44r)	False	1	0.6758996303457302	0.1180928707871658	0.0079594931018105	-0.0961637617559374	371	scenicplus_eregulon_direct
ELF2	PITPNB	chr22:27918560-27919060	ELF2_direct_+/-	ELF2_direct_+/-_(16g)	ELF2_direct_+/-_(44r)	False	1	0.5938598553739238	0.1080299997275193	0.0232400478427233	-0.0931584230892729	199	scenicplus_eregulon_direct
ELF2	SMTN	chr22:30940763-30941263	ELF2_direct_+/-	ELF2_direct_+/-_(16g)	ELF2_direct_+/-_(44r)	False	1	0.4661839398211534	0.0674036137620268	0.0084770087774801	-0.0896090060977162	347	scenicplus_eregulon_direct
ELF2	PPP6R2	chr22:50548405-50548905	ELF2_direct_+/-	ELF2_direct_+/-_(16g)	ELF2_direct_+/-_(44r)	False	1	0.6758996303457302	0.1180928707871658	0.0052782522673864	-0.0897039604458938	198	scenicplus_eregulon_direct
ELF2	SLC19A1	chr21:45479597-45480097	ELF2_direct_+/-	ELF2_direct_+/-_(16g)	ELF2_direct_+/-_(44r)	False	1	0.9589750479661006	0.1512123556455624	0.0076922257274424	-0.1484533987230458	264	scenicplus_eregulon_direct
ELF2	TIAM1	chr21:31665337-31665837	ELF2_direct_+/-	ELF2_direct_+/-_(16g)	ELF2_direct_+/-_(44r)	False	1	0.5362528083263669	0.1742081738280828	0.0090903062524487	-0.2355259879227499	421	scenicplus_eregulon_direct
ELF2	NCF4	chr22:36977917-36978417	ELF2_direct_+/-	ELF2_direct_+/-_(16g)	ELF2_direct_+/-_(44r)	False	1	0.7374611360015756	0.1956222281868398	0.0175833350226602	-0.196323223089889	272	scenicplus_eregulon_direct
ELF2	POLDIP3	chr22:42649181-42649681	ELF2_direct_+/-	ELF2_direct_+/-_(16g)	ELF2_direct_+/-_(44r)	False	1	2.088184114491303	0.1224642766511484	0.0114299182475751	-0.0518613333617578	132	scenicplus_eregulon_direct
ELF2	PPP6R2	chr22:50270253-50270753	ELF2_direct_+/-	ELF2_direct_+/-_(16g)	ELF2_direct_+/-_(44r)	False	1	0.6758996303457302	0.1180928707871658	0.0055244044257701	-0.0974407702229129	343	scenicplus_eregulon_direct
ELF2	GCAT	chr22:37677086-37677586	ELF2_direct_+/-	ELF2_direct_+/-_(16g)	ELF2_direct_+/-_(44r)	False	1	0.572840355322308	0.0593580590055188	0.0292851220138491	-0.0657324027880859	204	scenicplus_eregulon_direct
ELF2	SLC37A1	chr21:42513604-42514104	ELF2_direct_+/-	ELF2_direct_+/-_(16g)	ELF2_direct_+/-_(44r)	False	1	0.8811600265242074	0.1102367754393233	0.0110166623369954	-0.0970245968691482	233	scenicplus_eregulon_direct
ELF2	BACH1	chr21:29073504-29074004	ELF2_direct_+/-	ELF2_direct_+/-_(16g)	ELF2_direct_+/-_(44r)	False	1	0.5967095755863174	0.3069115330986218	0.0163222264610078	-0.5710695387498739	166	scenicplus_eregulon_direct
ELF2	SLC19A1	chr21:45541652-45542152	ELF2_direct_+/-	ELF2_direct_+/-_(16g)	ELF2_direct_+/-_(44r)	False	1	0.9589750479661006	0.1512123556455624	0.0111576403333597	-0.1089201642355958	381	scenicplus_eregulon_direct
ELF2	PHETA2	chr22:41957569-41958069	ELF2_direct_+/-	ELF2_direct_+/-_(16g)	ELF2_direct_+/-_(44r)	False	1	0.6652922735443532	0.0593128377857071	0.007983643294014	-0.0502014270341102	346	scenicplus_eregulon_direct
ELF2	ADAMTS5	chr21:26846390-26846890	ELF2_direct_+/-	ELF2_direct_+/-_(16g)	ELF2_direct_+/-_(44r)	False	1	0.4789064123141937	0.0729517061058616	0.0270629092792596	-0.0617778312376827	259	scenicplus_eregulon_direct
ELF2	SLC37A1	chr21:42684562-42685062	ELF2_direct_+/-	ELF2_direct_+/-_(16g)	ELF2_direct_+/-_(44r)	False	1	0.8811600265242074	0.1102367754393233	0.0109029135358583	-0.122197538958351	322	scenicplus_eregulon_direct
ELF2	SMTN	chr22:31211934-31212434	ELF2_direct_+/-	ELF2_direct_+/-_(16g)	ELF2_direct_+/-_(44r)	False	1	0.4661839398211534	0.0674036137620268	0.0070662790933189	-0.0581491376598283	393	scenicplus_eregulon_direct
ELF2	H1F0	chr22:37676580-37677080	ELF2_direct_+/-	ELF2_direct_+/-_(16g)	ELF2_direct_+/-_(44r)	False	1	1.0822962899929618	0.0818897593879005	0.0454744217561122	-0.150695786770118	104	scenicplus_eregulon_direct
ELF2	SLC19A1	chr21:45554819-45555319	ELF2_direct_+/-	ELF2_direct_+/-_(16g)	ELF2_direct_+/-_(44r)	False	1	0.9589750479661006	0.1512123556455624	0.0123595447741849	-0.1223542511427198	356	scenicplus_eregulon_direct
ELF2	MN1	chr22:27918560-27919060	ELF2_direct_+/-	ELF2_direct_+/-_(16g)	ELF2_direct_+/-_(44r)	False	1	0.5990646644590572	0.0774780645516735	0.0057855847856519	-0.0508722348630182	353	scenicplus_eregulon_direct
ELF2	TIAM1	chr21:31397911-31398411	ELF2_direct_+/-	ELF2_direct_+/-_(16g)	ELF2_direct_+/-_(44r)	False	1	0.5362528083263669	0.1742081738280828	0.0090504759452105	-0.1303438020854711	352	scenicplus_eregulon_direct
ELF2	SMTN	chr22:30968930-30969430	ELF2_direct_+/-	ELF2_direct_+/-_(16g)	ELF2_direct_+/-_(44r)	False	1	0.4661839398211534	0.0674036137620268	0.0123068943015454	-0.0697450651316546	328	scenicplus_eregulon_direct
ELF2	PHETA2	chr22:42062799-42063299	ELF2_direct_+/-	ELF2_direct_+/-_(16g)	ELF2_direct_+/-_(44r)	False	1	0.6652922735443532	0.0593128377857071	0.0049568810178536	-0.0727402804591137	363	scenicplus_eregulon_direct
ELF2	SMTN	chr22:31081015-31081515	ELF2_direct_+/-	ELF2_direct_+/-_(16g)	ELF2_direct_+/-_(44r)	False	1	0.4661839398211534	0.0674036137620268	0.0200525706333453	-0.0804493131577583	307	scenicplus_eregulon_direct
ELF2	NCF4	chr22:37015202-37015702	ELF2_direct_+/-	ELF2_direct_+/-_(16g)	ELF2_direct_+/-_(44r)	False	1	0.7374611360015756	0.1956222281868398	0.0045863393502891	-0.1704959448693655	349	scenicplus_eregulon_direct
ELF2	PPP6R2	chr22:50314418-50314918	ELF2_direct_+/-	ELF2_direct_+/-_(16g)	ELF2_direct_+/-_(44r)	False	1	0.6758996303457302	0.1180928707871658	0.0173861646100152	-0.1094118487949699	238	scenicplus_eregulon_direct
ELF2	SPECC1L	chr22:24262237-24262737	ELF2_direct_+/-	ELF2_direct_+/-_(16g)	ELF2_direct_+/-_(44r)	False	1	1.4164032151778827	0.1169991095391713	0.0010632769749075	-0.0502710035115653	310	scenicplus_eregulon_direct
ELF2	USP18	chr22:18110116-18110616	ELF2_direct_+/-	ELF2_direct_+/-_(16g)	ELF2_direct_+/-_(44r)	False	1	2.185934049961915	0.0679905893098033	0.0115658431392043	-0.0523645622387307	115	scenicplus_eregulon_direct
ELF2	PPP6R2	chr22:50343011-50343511	ELF2_direct_+/-	ELF2_direct_+/-_(16g)	ELF2_direct_+/-_(44r)	False	1	0.6758996303457302	0.1180928707871658	0.009103489783627	-0.0952662924389606	372	scenicplus_eregulon_direct
ELF2	PHETA2	chr22:42022380-42022880	ELF2_direct_+/-	ELF2_direct_+/-_(16g)	ELF2_direct_+/-_(44r)	False	1	0.6652922735443532	0.0593128377857071	0.0107261731779838	-0.061931003999035	206	scenicplus_eregulon_direct
FOS	ITSN1	chr21:33542693-33543193	FOS_direct_+/-	FOS_direct_+/-_(19g)	FOS_direct_+/-_(16r)	False	1	1.1712698642154704	0.2649292284784007	0.0100079752866349	-0.323442571711506	109	scenicplus_eregulon_direct
FOS	CHKB	chr22:50507918-50508418	FOS_direct_+/-	FOS_direct_+/-_(19g)	FOS_direct_+/-_(16r)	False	1	0.9571897384109715	0.1205120399324062	0.0122662605386365	-0.066801418355297	188	scenicplus_eregulon_direct
FOS	IL17RA	chr22:17159054-17159554	FOS_direct_+/-	FOS_direct_+/-_(19g)	FOS_direct_+/-_(16r)	False	1	0.8704288700041265	0.2613724496478662	0.004615361090766	-0.3475047965748321	316	scenicplus_eregulon_direct
FOS	ADA2	chr22:17159054-17159554	FOS_direct_+/-	FOS_direct_+/-_(19g)	FOS_direct_+/-_(16r)	False	1	0.8238801143193555	0.2559498855118288	0.0051411156345015	-0.2822653314391216	304	scenicplus_eregulon_direct
FOS	ODF3B	chr22:50507918-50508418	FOS_direct_+/-	FOS_direct_+/-_(19g)	FOS_direct_+/-_(16r)	False	1	0.9895796278485266	0.2692343177776798	0.0069291084533712	-0.3106883898752304	251	scenicplus_eregulon_direct
FOS	PRR14L	chr22:31676670-31677170	FOS_direct_+/-	FOS_direct_+/-_(19g)	FOS_direct_+/-_(16r)	False	1	1.2076199361424331	0.1728963672843466	0.0149366365490222	-0.1305019559576566	139	scenicplus_eregulon_direct
FOS	SELENOO	chr22:50200702-50201202	FOS_direct_+/-	FOS_direct_+/-_(19g)	FOS_direct_+/-_(16r)	False	1	2.0085074266714216	0.1666561639751337	0.012746550365351	-0.1308708659732546	83	scenicplus_eregulon_direct
FOS	TXNRD2	chr22:20016692-20017192	FOS_direct_+/-	FOS_direct_+/-_(19g)	FOS_direct_+/-_(16r)	False	1	0.8555026175190084	0.131707814384188	0.0084241216232528	-0.0701627719823033	134	scenicplus_eregulon_direct
FOS	PPP6R2	chr22:50200702-50201202	FOS_direct_+/-	FOS_direct_+/-_(19g)	FOS_direct_+/-_(16r)	False	1	0.983469595577211	0.1276100468324436	0.0051370306336863	-0.1293379211772236	246	scenicplus_eregulon_direct
FOS	C2CD2	chr21:42010024-42010524	FOS_direct_+/-	FOS_direct_+/-_(19g)	FOS_direct_+/-_(16r)	False	1	1.6140516957647797	0.1233287562209833	0.0187925472445905	-0.094677885302895	23	scenicplus_eregulon_direct
FOS	PDXK	chr21:43789210-43789710	FOS_direct_+/-	FOS_direct_+/-_(19g)	FOS_direct_+/-_(16r)	False	1	1.7444368408801294	0.1613755401802021	0.0068967560625823	-0.2076516772984023	187	scenicplus_eregulon_direct
FOS	LIMK2	chr22:31290613-31291113	FOS_direct_+/-	FOS_direct_+/-_(19g)	FOS_direct_+/-_(16r)	False	1	0.8780744371082995	0.1533677135567964	0.0057830470626746	-0.2009494873690486	279	scenicplus_eregulon_direct
FOS	SCO2	chr22:50582727-50583227	FOS_direct_+/-	FOS_direct_+/-_(19g)	FOS_direct_+/-_(16r)	False	1	1.696583464551526	0.3488369960327651	0.0057995522977688	-0.4613760650491535	119	scenicplus_eregulon_direct
FOS	TANGO2	chr22:20016692-20017192	FOS_direct_+/-	FOS_direct_+/-_(19g)	FOS_direct_+/-_(16r)	False	1	0.696033988717399	0.1098016928590959	0.0276620197114069	-0.1920337568576888	48	scenicplus_eregulon_direct
FOS	PRR14L	chr22:31662058-31662558	FOS_direct_+/-	FOS_direct_+/-_(19g)	FOS_direct_+/-_(16r)	False	1	1.2076199361424331	0.1728963672843466	0.008597282306013	-0.1879112763010491	180	scenicplus_eregulon_direct
FOS	CSF2RB	chr22:36776094-36776594	FOS_direct_+/-	FOS_direct_+/-_(19g)	FOS_direct_+/-_(16r)	False	1	0.978798711629558	0.1675901729824512	0.0154072281628809	-0.2577295027194666	148	scenicplus_eregulon_direct
FOS	CHKB	chr22:50582727-50583227	FOS_direct_+/-	FOS_direct_+/-_(19g)	FOS_direct_+/-_(16r)	False	1	0.9571897384109715	0.1205120399324062	0.0102891050706736	-0.0815086199897049	116	scenicplus_eregulon_direct
FOS	PPARA	chr22:46296499-46296999	FOS_direct_+/-	FOS_direct_+/-_(19g)	FOS_direct_+/-_(16r)	False	1	0.7402160675794067	0.0892647613762685	0.0129487759476678	-0.1543542120856996	281	scenicplus_eregulon_direct
FOS	TIAM1	chr21:31559076-31559576	FOS_direct_+/-	FOS_direct_+/-_(19g)	FOS_direct_+/-_(16r)	False	1	1.560518933001656	0.1929915438942221	0.0177824881968008	-0.1201981172378942	44	scenicplus_eregulon_direct
FOS	GTPBP1	chr22:38755839-38756339	FOS_direct_+/-	FOS_direct_+/-_(19g)	FOS_direct_+/-_(16r)	False	1	0.874000426697016	0.1848536248599674	0.0167776656730191	-0.1699169929809765	112	scenicplus_eregulon_direct
FOS	CYTH4	chr22:37186366-37186866	FOS_direct_+/-	FOS_direct_+/-_(19g)	FOS_direct_+/-_(16r)	False	1	0.8108912812695867	0.1674066680206681	0.0078218963598004	-0.1746886601555987	244	scenicplus_eregulon_direct
IRF7	SLC37A1	chr21:42527607-42528107	IRF7_direct_+/-	IRF7_direct_+/-_(5g)	IRF7_direct_+/-_(6r)	False	1	0.6049172083757668	0.1054361554946488	0.0068586969401701	-0.1398494878004673	308	scenicplus_eregulon_direct
IRF7	PATZ1	chr22:31229613-31230113	IRF7_direct_+/-	IRF7_direct_+/-_(5g)	IRF7_direct_+/-_(6r)	False	1	1.608338152850474	0.0637361082214601	0.0092670400485809	-0.0713586494687124	243	scenicplus_eregulon_direct
IRF7	SLC37A1	chr21:42513604-42514104	IRF7_direct_+/-	IRF7_direct_+/-_(5g)	IRF7_direct_+/-_(6r)	False	1	0.6049172083757668	0.1054361554946488	0.0110166623369954	-0.0970245968691482	245	scenicplus_eregulon_direct
IRF7	DERL3	chr22:23786870-23787370	IRF7_direct_+/-	IRF7_direct_+/-_(5g)	IRF7_direct_+/-_(6r)	False	1	2.0784670990046914	0.1752632137021918	0.0089416990059119	-0.0994117115638222	125	scenicplus_eregulon_direct
IRF7	MX1	chr21:41425942-41426442	IRF7_direct_+/-	IRF7_direct_+/-_(5g)	IRF7_direct_+/-_(6r)	False	1	2.0207406376228048	0.2219891647866934	0.0322533822961596	-0.2743556567131038	9	scenicplus_eregulon_direct
IRF7	FOXRED2	chr22:36354905-36355405	IRF7_direct_+/-	IRF7_direct_+/-_(5g)	IRF7_direct_+/-_(6r)	False	1	0.8502679427414515	0.0788130362841106	0.0073530188176322	-0.0516720294277423	260	scenicplus_eregulon_direct
STAT2	MX2	chr21:41425942-41426442	STAT2_direct_+/-	STAT2_direct_+/-_(12g)	STAT2_direct_+/-_(13r)	False	1	1.3996230993630887	0.2585240335199759	0.0101314948802665	-0.3007084641492685	93	scenicplus_eregulon_direct
STAT2	GTPBP1	chr22:38704691-38705191	STAT2_direct_+/-	STAT2_direct_+/-_(12g)	STAT2_direct_+/-_(13r)	False	1	0.5963222258135186	0.1749012842002325	0.0164662158343913	-0.1757334611208562	276	scenicplus_eregulon_direct
STAT2	MRTFA	chr22:40462601-40463101	STAT2_direct_+/-	STAT2_direct_+/-_(12g)	STAT2_direct_+/-_(13r)	False	1	0.5761194096370246	0.196955311894675	0.0037431185496298	-0.060714437933169	405	scenicplus_eregulon_direct
STAT2	SEZ6L	chr22:26428843-26429343	STAT2_direct_+/-	STAT2_direct_+/-_(12g)	STAT2_direct_+/-_(13r)	False	1	0.770419420714008	0.0910640794274271	0.0235623512476501	-0.083270993078944	201	scenicplus_eregulon_direct
STAT2	RTCB	chr22:32476335-32476835	STAT2_direct_+/-	STAT2_direct_+/-_(12g)	STAT2_direct_+/-_(13r)	False	1	1.3953168929300148	0.1433929123984995	0.0462461890524657	-0.0760653957082626	31	scenicplus_eregulon_direct
STAT2	ITSN1	chr21:33947694-33948194	STAT2_direct_+/-	STAT2_direct_+/-_(12g)	STAT2_direct_+/-_(13r)	False	1	0.6948585559331947	0.258651187957149	0.0079841577912982	-0.3418811978772113	247	scenicplus_eregulon_direct
STAT2	MRTFA	chr22:40385318-40385818	STAT2_direct_+/-	STAT2_direct_+/-_(12g)	STAT2_direct_+/-_(13r)	False	1	0.5761194096370246	0.196955311894675	0.013247341431762	-0.1886076346041073	156	scenicplus_eregulon_direct
STAT2	MX1	chr21:41425942-41426442	STAT2_direct_+/-	STAT2_direct_+/-_(12g)	STAT2_direct_+/-_(13r)	False	1	0.7971403719098042	0.2331915670328513	0.0322533822961596	-0.2743556567131038	25	scenicplus_eregulon_direct
STAT2	NCF4	chr22:36781930-36782430	STAT2_direct_+/-	STAT2_direct_+/-_(12g)	STAT2_direct_+/-_(13r)	False	1	0.8178241554727821	0.1298244989490667	0.0081714863883322	-0.1513218880648234	306	scenicplus_eregulon_direct
STAT2	ETS2	chr21:38767235-38767735	STAT2_direct_+/-	STAT2_direct_+/-_(12g)	STAT2_direct_+/-_(13r)	False	1	0.4616173512416001	0.1715106348773276	0.006572139220476	-0.3049346819184096	337	scenicplus_eregulon_direct
STAT2	APOL4	chr22:36239389-36239889	STAT2_direct_+/-	STAT2_direct_+/-_(12g)	STAT2_direct_+/-_(13r)	False	1	1.2403224366763912	0.1107182235029692	0.0064361698643832	-0.0999066863882642	89	scenicplus_eregulon_direct
STAT2	PLXNB2	chr22:50199039-50199539	STAT2_direct_+/-	STAT2_direct_+/-_(12g)	STAT2_direct_+/-_(13r)	False	1	0.778125028870292	0.2992777006481008	0.0013606873348632	-0.2697453236546372	397	scenicplus_eregulon_direct
STAT2	APOL4	chr22:36238062-36238562	STAT2_direct_+/-	STAT2_direct_+/-_(12g)	STAT2_direct_+/-_(13r)	False	1	1.2403224366763912	0.1107182235029692	0.00384707105736	-0.0830815674748694	271	scenicplus_eregulon_direct
STAT2	APOL3	chr22:36160598-36161098	STAT2_direct_+/-	STAT2_direct_+/-_(12g)	STAT2_direct_+/-_(13r)	False	1	0.4756819356044273	0.1144110298523952	0.0168240056895933	-0.0735040304831433	96	scenicplus_eregulon_direct
TCF12	MED15	chr22:20495651-20496151	TCF12_direct_+/-	TCF12_direct_+/-_(5g)	TCF12_direct_+/-_(6r)	False	1	1.4972177302259455	0.1166986091086747	0.0094363563360914	-0.0778264769745909	159	scenicplus_eregulon_direct
TCF12	NCAPH2	chr22:50672505-50673005	TCF12_direct_+/-	TCF12_direct_+/-_(5g)	TCF12_direct_+/-_(6r)	False	1	1.6250496035885664	0.050270310745885	0.0027564937708761	-0.0511179601089544	390	scenicplus_eregulon_direct
TCF12	APOBEC3D	chr22:39040640-39041140	TCF12_direct_+/-	TCF12_direct_+/-_(5g)	TCF12_direct_+/-_(6r)	False	1	0.9045582122753576	0.0682339826444476	0.0065343391939288	-0.0633264272899142	302	scenicplus_eregulon_direct
TCF12	SMARCB1	chr22:23893517-23894017	TCF12_direct_+/-	TCF12_direct_+/-_(5g)	TCF12_direct_+/-_(6r)	False	1	1.285076168285504	0.0828840536190838	0.019708864712126	-0.0951586230489583	120	scenicplus_eregulon_direct
TCF12	MED15	chr22:20464126-20464626	TCF12_direct_+/-	TCF12_direct_+/-_(5g)	TCF12_direct_+/-_(6r)	False	1	1.4972177302259455	0.1166986091086747	0.0063345892877722	-0.0526759376700042	299	scenicplus_eregulon_direct
TCF12	ZBED4	chr22:49961254-49961754	TCF12_direct_+/-	TCF12_direct_+/-_(5g)	TCF12_direct_+/-_(6r)	False	1	1.457877570934449	0.1085482345429089	0.0125372573551454	-0.0781713652070967	103	scenicplus_eregulon_direct
ARID3A	CENPM	chr22:41857517-41858017	ARID3A_direct_-/+	ARID3A_direct_-/+_(6g)	ARID3A_direct_-/+_(12r)	False	-1	0.191023004842556	-0.0596171074301056	0.0071951054756476	0.0644894475174	402	scenicplus_eregulon_direct
ARID3A	CENPM	chr22:41957569-41958069	ARID3A_direct_-/+	ARID3A_direct_-/+_(6g)	ARID3A_direct_-/+_(12r)	False	-1	0.191023004842556	-0.0596171074301056	0.0062030415659549	0.0869216963052303	208	scenicplus_eregulon_direct
ARID3A	CENPM	chr22:41822670-41823170	ARID3A_direct_-/+	ARID3A_direct_-/+_(6g)	ARID3A_direct_-/+_(12r)	False	-1	0.191023004842556	-0.0596171074301056	0.0084968450699119	0.0732107205435872	380	scenicplus_eregulon_direct
ARID3A	DIP2A	chr21:46532016-46532516	ARID3A_direct_-/+	ARID3A_direct_-/+_(6g)	ARID3A_direct_-/+_(12r)	False	-1	0.214512450251176	-0.0775776053400227	0.0094980111699552	0.1512017244118345	409	scenicplus_eregulon_direct
ARID3A	GRAP2	chr22:39951541-39952041	ARID3A_direct_-/+	ARID3A_direct_-/+_(6g)	ARID3A_direct_-/+_(12r)	False	-1	0.135965203998731	-0.2031280714488612	0.0295084097280755	0.4754879268593744	209	scenicplus_eregulon_direct
ARID3A	GRAP2	chr22:39935687-39936187	ARID3A_direct_-/+	ARID3A_direct_-/+_(6g)	ARID3A_direct_-/+_(12r)	False	-1	0.135965203998731	-0.2031280714488612	0.0039551778302716	0.4491308912114595	422	scenicplus_eregulon_direct
ARID3A	EIF3L	chr22:37817561-37818061	ARID3A_direct_-/+	ARID3A_direct_-/+_(6g)	ARID3A_direct_-/+_(12r)	False	-1	0.1317804020437028	-0.0516798122055133	0.011799095419196	0.0960380038161276	355	scenicplus_eregulon_direct
ARID3A	GRAP2	chr22:39940720-39941220	ARID3A_direct_-/+	ARID3A_direct_-/+_(6g)	ARID3A_direct_-/+_(12r)	False	-1	0.135965203998731	-0.2031280714488612	0.0290965052253486	0.4781384245959588	235	scenicplus_eregulon_direct
ARID3A	TCF20	chr22:42444079-42444579	ARID3A_direct_-/+	ARID3A_direct_-/+_(6g)	ARID3A_direct_-/+_(12r)	False	-1	0.1682180979087002	-0.0552990494019651	0.0117723340619285	0.0925866333500983	350	scenicplus_eregulon_direct
ARID3A	GRAP2	chr22:40024590-40025090	ARID3A_direct_-/+	ARID3A_direct_-/+_(6g)	ARID3A_direct_-/+_(12r)	False	-1	0.135965203998731	-0.2031280714488612	0.011936053704151	0.3181931945026524	312	scenicplus_eregulon_direct
ARID3A	CBX7	chr22:39170873-39171373	ARID3A_direct_-/+	ARID3A_direct_-/+_(6g)	ARID3A_direct_-/+_(12r)	False	-1	0.1653773074125896	-0.0518955549812269	0.0141030259151688	0.0975478790404999	291	scenicplus_eregulon_direct
ARID3A	GRAP2	chr22:39953909-39954409	ARID3A_direct_-/+	ARID3A_direct_-/+_(6g)	ARID3A_direct_-/+_(12r)	False	-1	0.135965203998731	-0.2031280714488612	0.0016271225128985	0.4439200233229599	426	scenicplus_eregulon_direct
ATF3	RAC2	chr22:37165694-37166194	ATF3_direct_-/+	ATF3_direct_-/+_(3g)	ATF3_direct_-/+_(5r)	False	-1	0.8499615302106956	-0.1696669039100883	0.001696588084758	0.2311081610849191	412	scenicplus_eregulon_direct
ATF3	SFI1	chr22:31662058-31662558	ATF3_direct_-/+	ATF3_direct_-/+_(3g)	ATF3_direct_-/+_(5r)	False	-1	1.1498191351721574	-0.1585162173750236	0.015075518934344	0.2067081288337837	130	scenicplus_eregulon_direct
ATF3	TNRC6B	chr22:40327249-40327749	ATF3_direct_-/+	ATF3_direct_-/+_(3g)	ATF3_direct_-/+_(5r)	False	-1	1.387368214111449	-0.124160334782134	0.0193071922349458	0.2464331289217823	205	scenicplus_eregulon_direct
ATF3	RAC2	chr22:37164103-37164603	ATF3_direct_-/+	ATF3_direct_-/+_(3g)	ATF3_direct_-/+_(5r)	False	-1	0.8499615302106956	-0.1696669039100883	0.0025576600015856	0.2407159149513926	407	scenicplus_eregulon_direct
ATF3	RAC2	chr22:37079573-37080073	ATF3_direct_-/+	ATF3_direct_-/+_(3g)	ATF3_direct_-/+_(5r)	False	-1	0.8499615302106956	-0.1696669039100883	0.0098478790680736	0.2088770869475933	242	scenicplus_eregulon_direct
IRF4	MYH9	chr22:36238062-36238562	IRF4_direct_-/+	IRF4_direct_-/+_(3g)	IRF4_direct_-/+_(9r)	False	-1	0.2064464428441277	-0.0666378217577996	0.005249873855995	0.1355930926267927	331	scenicplus_eregulon_direct
IRF4	DYRK1A	chr21:37257377-37257877	IRF4_direct_-/+	IRF4_direct_-/+_(3g)	IRF4_direct_-/+_(9r)	False	-1	0.1449422617006951	-0.0544886654042978	0.0073270199040568	0.050771758536682	382	scenicplus_eregulon_direct
IRF4	MYH9	chr22:36252859-36253359	IRF4_direct_-/+	IRF4_direct_-/+_(3g)	IRF4_direct_-/+_(9r)	False	-1	0.2064464428441277	-0.0666378217577996	0.0049922739305865	0.057950093241511	118	scenicplus_eregulon_direct
IRF4	APOL1	chr22:36197152-36197652	IRF4_direct_-/+	IRF4_direct_-/+_(3g)	IRF4_direct_-/+_(9r)	False	-1	0.1278857886591193	-0.0504657960679857	0.0146106939923187	0.0737294515074176	250	scenicplus_eregulon_direct
IRF4	MYH9	chr22:36409972-36410472	IRF4_direct_-/+	IRF4_direct_-/+_(3g)	IRF4_direct_-/+_(9r)	False	-1	0.2064464428441277	-0.0666378217577996	0.0061918978148061	0.0610107628928506	403	scenicplus_eregulon_direct
IRF4	APOL1	chr22:36141428-36141928	IRF4_direct_-/+	IRF4_direct_-/+_(3g)	IRF4_direct_-/+_(9r)	False	-1	0.1278857886591193	-0.0504657960679857	0.0048124372306409	0.0522281051486334	411	scenicplus_eregulon_direct
IRF4	MYH9	chr22:36160598-36161098	IRF4_direct_-/+	IRF4_direct_-/+_(3g)	IRF4_direct_-/+_(9r)	False	-1	0.2064464428441277	-0.0666378217577996	0.0064548142843857	0.1441437130733765	150	scenicplus_eregulon_direct
IRF4	MYH9	chr22:36451648-36452148	IRF4_direct_-/+	IRF4_direct_-/+_(3g)	IRF4_direct_-/+_(9r)	False	-1	0.2064464428441277	-0.0666378217577996	0.011442983624476	0.1249244186298968	315	scenicplus_eregulon_direct
IRF4	MYH9	chr22:36239389-36239889	IRF4_direct_-/+	IRF4_direct_-/+_(3g)	IRF4_direct_-/+_(9r)	False	-1	0.2064464428441277	-0.0666378217577996	0.0052413627562949	0.1421723090922984	128	scenicplus_eregulon_direct
IRF4	APOL1	chr22:36252859-36253359	IRF4_direct_-/+	IRF4_direct_-/+_(3g)	IRF4_direct_-/+_(9r)	False	-1	0.1278857886591193	-0.0504657960679857	0.0073533671685701	0.0973044214488201	114	scenicplus_eregulon_direct
STAT1	APOBEC3D	chr22:39144296-39144796	STAT1_direct_-/+	STAT1_direct_-/+_(3g)	STAT1_direct_-/+_(5r)	False	-1	0.4416936138793141	-0.0538406302972906	0.01256676290342	0.0666807720844083	255	scenicplus_eregulon_direct
STAT1	MRPL39	chr21:25608201-25608701	STAT1_direct_-/+	STAT1_direct_-/+_(3g)	STAT1_direct_-/+_(5r)	False	-1	0.6344586251936652	-0.0607808925253491	0.0117019132882129	0.052997789429026	325	scenicplus_eregulon_direct
STAT1	MRPL39	chr21:25561513-25562013	STAT1_direct_-/+	STAT1_direct_-/+_(3g)	STAT1_direct_-/+_(5r)	False	-1	0.6344586251936652	-0.0607808925253491	0.0094210592591843	0.0587403242258023	324	scenicplus_eregulon_direct
STAT1	IL2RB	chr22:37162395-37162895	STAT1_direct_-/+	STAT1_direct_-/+_(3g)	STAT1_direct_-/+_(5r)	False	-1	0.338288741370008	-0.1263811364820397	0.0267282931549554	0.3470138778254919	173	scenicplus_eregulon_direct
STAT1	MRPL39	chr21:25638886-25639386	STAT1_direct_-/+	STAT1_direct_-/+_(3g)	STAT1_direct_-/+_(5r)	False	-1	0.6344586251936652	-0.0607808925253491	0.0353967712319003	0.0712754445454757	131	scenicplus_eregulon_direct
FOS	UBASH3A	chr21:42532878-42533378	FOS_direct_-/-	FOS_direct_-/-_(3g)	FOS_direct_-/-_(3r)	False	-1	0.8425419808638066	-0.1558663665617852	0.0042626525893584	-0.2755287427164831	378	scenicplus_eregulon_direct
FOS	RPL3	chr22:39266413-39266913	FOS_direct_-/-	FOS_direct_-/-_(3g)	FOS_direct_-/-_(3r)	False	-1	1.3153276467342565	-0.3253936454077951	0.0122288452629564	-0.6229985885493592	280	scenicplus_eregulon_direct
FOS	RAC2	chr22:37178160-37178660	FOS_direct_-/-	FOS_direct_-/-_(3g)	FOS_direct_-/-_(3r)	False	-1	1.1623997345957109	-0.1465403834580811	0.0077792782307988	-0.2327826424612057	146	scenicplus_eregulon_direct
IRF4	DYRK1A	chr21:37220370-37220870	IRF4_direct_-/-	IRF4_direct_-/-_(3g)	IRF4_direct_-/-_(10r)	False	-1	0.1449422617006951	-0.0544886654042978	0.0039159329501269	-0.0567592870983101	373	scenicplus_eregulon_direct
IRF4	MYH9	chr22:36212939-36213439	IRF4_direct_-/-	IRF4_direct_-/-_(3g)	IRF4_direct_-/-_(10r)	False	-1	0.2064464428441277	-0.0666378217577996	0.0040838093537483	-0.1404693350339959	408	scenicplus_eregulon_direct
IRF4	MYH9	chr22:36197152-36197652	IRF4_direct_-/-	IRF4_direct_-/-_(3g)	IRF4_direct_-/-_(10r)	False	-1	0.2064464428441277	-0.0666378217577996	0.0037760214628341	-0.1292515797122597	387	scenicplus_eregulon_direct
IRF4	MYH9	chr22:36373053-36373553	IRF4_direct_-/-	IRF4_direct_-/-_(3g)	IRF4_direct_-/-_(10r)	False	-1	0.2064464428441277	-0.0666378217577996	0.0027304516451642	-0.1176415916440807	415	scenicplus_eregulon_direct
IRF4	DYRK1A	chr21:37220896-37221396	IRF4_direct_-/-	IRF4_direct_-/-_(3g)	IRF4_direct_-/-_(10r)	False	-1	0.1449422617006951	-0.0544886654042978	0.0166095555376933	-0.074278909659058	157	scenicplus_eregulon_direct
IRF4	APOL1	chr22:36331371-36331871	IRF4_direct_-/-	IRF4_direct_-/-_(3g)	IRF4_direct_-/-_(10r)	False	-1	0.1278857886591193	-0.0504657960679857	0.005145984369411	-0.0675449920363493	399	scenicplus_eregulon_direct
IRF4	APOL1	chr22:36328444-36328944	IRF4_direct_-/-	IRF4_direct_-/-_(3g)	IRF4_direct_-/-_(10r)	False	-1	0.1278857886591193	-0.0504657960679857	0.0070490268358732	-0.0561955353120592	424	scenicplus_eregulon_direct
IRF4	MYH9	chr22:36162640-36163140	IRF4_direct_-/-	IRF4_direct_-/-_(3g)	IRF4_direct_-/-_(10r)	False	-1	0.2064464428441277	-0.0666378217577996	0.0067655214516006	-0.0976847393254941	375	scenicplus_eregulon_direct
IRF4	MYH9	chr22:36519867-36520367	IRF4_direct_-/-	IRF4_direct_-/-_(3g)	IRF4_direct_-/-_(10r)	False	-1	0.2064464428441277	-0.0666378217577996	0.0049843414424979	-0.1254275259802779	419	scenicplus_eregulon_direct
IRF4	MYH9	chr22:36423351-36423851	IRF4_direct_-/-	IRF4_direct_-/-_(3g)	IRF4_direct_-/-_(10r)	False	-1	0.2064464428441277	-0.0666378217577996	0.0020347064567031	-0.1222389886991326	418	scenicplus_eregulon_direct
