id	label	node_type	eregulons	detected_fraction	n_targets
TF:KLF4	KLF4	tf	KLF4_direct_+/+	0.7475083056478434	20
TF:RXRA	RXRA	tf	RXRA_direct_+/+	0.6411960132890387	20
TF:SPI1	SPI1	tf	SPI1_direct_+/+;SPI1_direct_+/-	0.8571428571428608	20
TF:TCF7L2	TCF7L2	tf	TCF7L2_direct_+/+	0.976744186046516	20
region:chr10:112852203-112852703	chr10:112852203-112852703	region	TCF7L2_direct_+/+		1
region:chr10:113099549-113100049	chr10:113099549-113100049	region	TCF7L2_direct_+/+		1
region:chr10:113153678-113154178	chr10:113153678-113154178	region	TCF7L2_direct_+/+		1
region:chr10:113273396-113273896	chr10:113273396-113273896	region	TCF7L2_direct_+/+		1
region:chr10:19816522-19817022	chr10:19816522-19817022	region	SPI1_direct_+/+		1
region:chr10:19819320-19819820	chr10:19819320-19819820	region	SPI1_direct_+/+		1
region:chr10:19825121-19825621	chr10:19825121-19825621	region	SPI1_direct_+/+		1
region:chr10:19825695-19826195	chr10:19825695-19826195	region	SPI1_direct_+/+		1
region:chr10:20003617-20004117	chr10:20003617-20004117	region	SPI1_direct_+/+		1
region:chr10:20202238-20202738	chr10:20202238-20202738	region	KLF4_direct_+/+;SPI1_direct_+/+		1
region:chr10:71701443-71701943	chr10:71701443-71701943	region	SPI1_direct_+/+		1
region:chr10:71727474-71727974	chr10:71727474-71727974	region	SPI1_direct_+/-		1
region:chr10:71753471-71753971	chr10:71753471-71753971	region	SPI1_direct_+/+		1
region:chr10:71805784-71806284	chr10:71805784-71806284	region	SPI1_direct_+/+		1
region:chr10:71851075-71851575	chr10:71851075-71851575	region	SPI1_direct_+/-		1
region:chr10:71852434-71852934	chr10:71852434-71852934	region	SPI1_direct_+/+		1
region:chr10:71868063-71868563	chr10:71868063-71868563	region	SPI1_direct_+/+		1
region:chr10:71889975-71890475	chr10:71889975-71890475	region	SPI1_direct_+/+		1
region:chr10:75358919-75359419	chr10:75358919-75359419	region	SPI1_direct_+/+		1
region:chr10:75375814-75376314	chr10:75375814-75376314	region	SPI1_direct_+/+		1
region:chr10:75402095-75402595	chr10:75402095-75402595	region	SPI1_direct_+/+		1
region:chr10:75431500-75432000	chr10:75431500-75432000	region	SPI1_direct_+/+		1
region:chr10:75612801-75613301	chr10:75612801-75613301	region	SPI1_direct_+/+		1
region:chr10:76403798-76404298	chr10:76403798-76404298	region	SPI1_direct_+/+		1
region:chr11:10400860-10401360	chr11:10400860-10401360	region	RXRA_direct_+/+		1
region:chr11:47244893-47245393	chr11:47244893-47245393	region	TCF7L2_direct_+/+		1
region:chr11:47257590-47258090	chr11:47257590-47258090	region	SPI1_direct_+/+		1
region:chr11:47268979-47269479	chr11:47268979-47269479	region	SPI1_direct_+/-		1
region:chr11:47359497-47359997	chr11:47359497-47359997	region	SPI1_direct_+/+		1
region:chr11:47378336-47378836	chr11:47378336-47378836	region	SPI1_direct_+/+;TCF7L2_direct_+/+		1
region:chr11:47388046-47388546	chr11:47388046-47388546	region	SPI1_direct_+/+		1
region:chr11:47390969-47391469	chr11:47390969-47391469	region	SPI1_direct_+/+		1
region:chr11:47392861-47393361	chr11:47392861-47393361	region	SPI1_direct_+/+		1
region:chr11:47394637-47395137	chr11:47394637-47395137	region	SPI1_direct_+/+		1
region:chr11:47400128-47400628	chr11:47400128-47400628	region	SPI1_direct_+/-		1
region:chr11:47408196-47408696	chr11:47408196-47408696	region	SPI1_direct_+/-		1
region:chr11:47508910-47509410	chr11:47508910-47509410	region	SPI1_direct_+/+		1
region:chr11:60242704-60243204	chr11:60242704-60243204	region	TCF7L2_direct_+/+		1
region:chr11:60280315-60280815	chr11:60280315-60280815	region	TCF7L2_direct_+/+		1
region:chr11:60389449-60389949	chr11:60389449-60389949	region	TCF7L2_direct_+/+		1
region:chr11:60392366-60392866	chr11:60392366-60392866	region	TCF7L2_direct_+/+		1
region:chr11:63871967-63872467	chr11:63871967-63872467	region	KLF4_direct_+/+		1
region:chr11:93541711-93542211	chr11:93541711-93542211	region	TCF7L2_direct_+/+		1
region:chr12:123432529-123433029	chr12:123432529-123433029	region	KLF4_direct_+/+		1
region:chr12:51242065-51242565	chr12:51242065-51242565	region	RXRA_direct_+/+		1
region:chr12:51246225-51246725	chr12:51246225-51246725	region	RXRA_direct_+/+		1
region:chr12:66072019-66072519	chr12:66072019-66072519	region	SPI1_direct_+/+		1
region:chr12:66144946-66145446	chr12:66144946-66145446	region	SPI1_direct_+/+		1
region:chr12:66169635-66170135	chr12:66169635-66170135	region	SPI1_direct_+/-		1
region:chr12:66187788-66188288	chr12:66187788-66188288	region	KLF4_direct_+/+;SPI1_direct_+/+		1
region:chr12:66241538-66242038	chr12:66241538-66242038	region	SPI1_direct_+/+		1
region:chr12:66268511-66269011	chr12:66268511-66269011	region	SPI1_direct_+/+		1
region:chr12:66388441-66388941	chr12:66388441-66388941	region	SPI1_direct_+/+		1
region:chr12:7948800-7949300	chr12:7948800-7949300	region	TCF7L2_direct_+/+		1
region:chr12:8052638-8053138	chr12:8052638-8053138	region	TCF7L2_direct_+/+		1
region:chr12:8070610-8071110	chr12:8070610-8071110	region	TCF7L2_direct_+/+		1
region:chr12:8156769-8157269	chr12:8156769-8157269	region	TCF7L2_direct_+/+		1
region:chr12:89333798-89334298	chr12:89333798-89334298	region	SPI1_direct_+/+		1
region:chr12:89352334-89352834	chr12:89352334-89352834	region	SPI1_direct_+/+		1
region:chr13:51562079-51562579	chr13:51562079-51562579	region	SPI1_direct_+/+		1
region:chr13:51793790-51794290	chr13:51793790-51794290	region	SPI1_direct_+/+		1
region:chr14:100221449-100221949	chr14:100221449-100221949	region	SPI1_direct_+/-		1
region:chr14:100341266-100341766	chr14:100341266-100341766	region	SPI1_direct_+/+		1
region:chr14:100373676-100374176	chr14:100373676-100374176	region	SPI1_direct_+/+;TCF7L2_direct_+/+		1
region:chr14:100375224-100375724	chr14:100375224-100375724	region	RXRA_direct_+/+;SPI1_direct_+/+		1
region:chr14:22822603-22823103	chr14:22822603-22823103	region	TCF7L2_direct_+/+		1
region:chr14:22823184-22823684	chr14:22823184-22823684	region	TCF7L2_direct_+/+		1
region:chr14:75268800-75269300	chr14:75268800-75269300	region	KLF4_direct_+/+		1
region:chr14:92677190-92677690	chr14:92677190-92677690	region	RXRA_direct_+/+		1
region:chr14:92680997-92681497	chr14:92680997-92681497	region	RXRA_direct_+/+		1
region:chr14:94384841-94385341	chr14:94384841-94385341	region	SPI1_direct_+/+		1
region:chr14:94392476-94392976	chr14:94392476-94392976	region	SPI1_direct_+/+		1
region:chr14:94394565-94395065	chr14:94394565-94395065	region	SPI1_direct_+/+		1
region:chr16:12543995-12544495	chr16:12543995-12544495	region	SPI1_direct_+/+		1
region:chr16:12573234-12573734	chr16:12573234-12573734	region	SPI1_direct_+/+		1
region:chr16:12816713-12817213	chr16:12816713-12817213	region	SPI1_direct_+/+		1
region:chr16:17259248-17259748	chr16:17259248-17259748	region	RXRA_direct_+/+		1
region:chr16:17343666-17344166	chr16:17343666-17344166	region	RXRA_direct_+/+		1
region:chr16:17416566-17417066	chr16:17416566-17417066	region	RXRA_direct_+/+		1
region:chr16:84569534-84570034	chr16:84569534-84570034	region	SPI1_direct_+/+		1
region:chr16:84594103-84594603	chr16:84594103-84594603	region	SPI1_direct_+/-		1
region:chr16:84600698-84601198	chr16:84600698-84601198	region	SPI1_direct_+/+		1
region:chr16:84602956-84603456	chr16:84602956-84603456	region	SPI1_direct_+/+		1
region:chr16:84726038-84726538	chr16:84726038-84726538	region	SPI1_direct_+/+		1
region:chr16:84742524-84743024	chr16:84742524-84743024	region	SPI1_direct_+/+		1
region:chr16:84751977-84752477	chr16:84751977-84752477	region	SPI1_direct_+/+		1
region:chr17:21285899-21286399	chr17:21285899-21286399	region	RXRA_direct_+/+		1
region:chr17:59847694-59848194	chr17:59847694-59848194	region	KLF4_direct_+/+		1
region:chr17:74520125-74520625	chr17:74520125-74520625	region	TCF7L2_direct_+/+		1
region:chr17:74599430-74599930	chr17:74599430-74599930	region	TCF7L2_direct_+/+		1
region:chr17:74631809-74632309	chr17:74631809-74632309	region	TCF7L2_direct_+/+		1
region:chr17:78778872-78779372	chr17:78778872-78779372	region	RXRA_direct_+/+		1
region:chr18:10004997-10005497	chr18:10004997-10005497	region	SPI1_direct_+/+		1
region:chr18:9712523-9713023	chr18:9712523-9713023	region	SPI1_direct_+/+		1
region:chr18:9753868-9754368	chr18:9753868-9754368	region	SPI1_direct_+/+		1
region:chr18:9762463-9762963	chr18:9762463-9762963	region	SPI1_direct_+/+		1
region:chr18:9771103-9771603	chr18:9771103-9771603	region	SPI1_direct_+/+		1
region:chr18:9910571-9911071	chr18:9910571-9911071	region	SPI1_direct_+/+		1
region:chr19:10717612-10718112	chr19:10717612-10718112	region	SPI1_direct_+/-		1
region:chr19:10759658-10760158	chr19:10759658-10760158	region	SPI1_direct_+/-		1
region:chr19:10777271-10777771	chr19:10777271-10777771	region	SPI1_direct_+/+		1
region:chr19:10780258-10780758	chr19:10780258-10780758	region	SPI1_direct_+/+		1
region:chr19:10784196-10784696	chr19:10784196-10784696	region	SPI1_direct_+/+		1
region:chr19:10805385-10805885	chr19:10805385-10805885	region	SPI1_direct_+/+		1
region:chr19:10809761-10810261	chr19:10809761-10810261	region	SPI1_direct_+/+		1
region:chr19:10813029-10813529	chr19:10813029-10813529	region	SPI1_direct_+/+		1
region:chr19:10848174-10848674	chr19:10848174-10848674	region	SPI1_direct_+/+		1
region:chr19:10928483-10928983	chr19:10928483-10928983	region	SPI1_direct_+/-		1
region:chr19:14661411-14661911	chr19:14661411-14661911	region	TCF7L2_direct_+/+		1
region:chr19:18392397-18392897	chr19:18392397-18392897	region	TCF7L2_direct_+/+		1
region:chr19:54208068-54208568	chr19:54208068-54208568	region	RXRA_direct_+/+		1
region:chr19:54209701-54210201	chr19:54209701-54210201	region	KLF4_direct_+/+		1
region:chr19:54593472-54593972	chr19:54593472-54593972	region	TCF7L2_direct_+/+		1
region:chr19:54630144-54630644	chr19:54630144-54630644	region	TCF7L2_direct_+/+		1
region:chr19:54643475-54643975	chr19:54643475-54643975	region	TCF7L2_direct_+/+		1
region:chr1:11960666-11961166	chr1:11960666-11961166	region	SPI1_direct_+/+		1
region:chr1:11985793-11986293	chr1:11985793-11986293	region	SPI1_direct_+/+		1
region:chr1:12020082-12020582	chr1:12020082-12020582	region	SPI1_direct_+/+		1
region:chr1:12143152-12143652	chr1:12143152-12143652	region	SPI1_direct_+/+		1
region:chr1:12143654-12144154	chr1:12143654-12144154	region	SPI1_direct_+/+		1
region:chr1:12153199-12153699	chr1:12153199-12153699	region	SPI1_direct_+/+		1
region:chr1:12157800-12158300	chr1:12157800-12158300	region	SPI1_direct_+/+		1
region:chr1:12180230-12180730	chr1:12180230-12180730	region	SPI1_direct_+/+		1
region:chr1:12184150-12184650	chr1:12184150-12184650	region	SPI1_direct_+/+		1
region:chr1:12196576-12197076	chr1:12196576-12197076	region	SPI1_direct_+/+		1
region:chr1:12229759-12230259	chr1:12229759-12230259	region	SPI1_direct_+/-		1
region:chr1:157106202-157106702	chr1:157106202-157106702	region	KLF4_direct_+/+		1
region:chr1:212752535-212753035	chr1:212752535-212753035	region	KLF4_direct_+/+		1
region:chr1:248804914-248805414	chr1:248804914-248805414	region	RXRA_direct_+/+		1
region:chr1:248807058-248807558	chr1:248807058-248807558	region	RXRA_direct_+/+		1
region:chr1:248838078-248838578	chr1:248838078-248838578	region	RXRA_direct_+/+		1
region:chr1:88983814-88984314	chr1:88983814-88984314	region	RXRA_direct_+/+		1
region:chr20:23655765-23656265	chr20:23655765-23656265	region	SPI1_direct_+/+		1
region:chr20:32040126-32040626	chr20:32040126-32040626	region	RXRA_direct_+/+		1
region:chr20:32051198-32051698	chr20:32051198-32051698	region	RXRA_direct_+/+		1
region:chr20:32062761-32063261	chr20:32062761-32063261	region	RXRA_direct_+/+		1
region:chr20:32111726-32112226	chr20:32111726-32112226	region	RXRA_direct_+/+		1
region:chr20:32112818-32113318	chr20:32112818-32113318	region	RXRA_direct_+/+		1
region:chr20:40571724-40572224	chr20:40571724-40572224	region	RXRA_direct_+/+		1
region:chr20:40689916-40690416	chr20:40689916-40690416	region	RXRA_direct_+/+		1
region:chr20:40779001-40779501	chr20:40779001-40779501	region	RXRA_direct_+/+		1
region:chr20:41003387-41003887	chr20:41003387-41003887	region	KLF4_direct_+/+		1
region:chr20:41047885-41048385	chr20:41047885-41048385	region	KLF4_direct_+/+		1
region:chr21:33199790-33200290	chr21:33199790-33200290	region	RXRA_direct_+/+		1
region:chr21:33265708-33266208	chr21:33265708-33266208	region	RXRA_direct_+/+		1
region:chr2:173005713-173006213	chr2:173005713-173006213	region	SPI1_direct_+/+		1
region:chr2:173043368-173043868	chr2:173043368-173043868	region	SPI1_direct_+/+		1
region:chr2:173075626-173076126	chr2:173075626-173076126	region	SPI1_direct_+/+		1
region:chr2:173076383-173076883	chr2:173076383-173076883	region	SPI1_direct_+/+		1
region:chr2:229287762-229288262	chr2:229287762-229288262	region	RXRA_direct_+/+		1
region:chr2:229409004-229409504	chr2:229409004-229409504	region	RXRA_direct_+/+		1
region:chr2:40394488-40394988	chr2:40394488-40394988	region	RXRA_direct_+/+		1
region:chr2:40450024-40450524	chr2:40450024-40450524	region	RXRA_direct_+/+		1
region:chr2:40455516-40456016	chr2:40455516-40456016	region	KLF4_direct_+/+;RXRA_direct_+/+		1
region:chr2:40558720-40559220	chr2:40558720-40559220	region	RXRA_direct_+/+		1
region:chr3:187773186-187773686	chr3:187773186-187773686	region	KLF4_direct_+/+		1
region:chr3:38009948-38010448	chr3:38009948-38010448	region	KLF4_direct_+/+		1
region:chr4:152643399-152643899	chr4:152643399-152643899	region	KLF4_direct_+/+		1
region:chr4:152663052-152663552	chr4:152663052-152663552	region	KLF4_direct_+/+		1
region:chr4:153661361-153661861	chr4:153661361-153661861	region	KLF4_direct_+/+		1
region:chr4:158817906-158818406	chr4:158817906-158818406	region	TCF7L2_direct_+/+		1
region:chr5:150058683-150059183	chr5:150058683-150059183	region	TCF7L2_direct_+/+		1
region:chr5:94618419-94618919	chr5:94618419-94618919	region	SPI1_direct_+/-		1
region:chr5:95048620-95049120	chr5:95048620-95049120	region	SPI1_direct_+/+		1
region:chr5:95069806-95070306	chr5:95069806-95070306	region	SPI1_direct_+/+		1
region:chr5:95081424-95081924	chr5:95081424-95081924	region	SPI1_direct_+/+		1
region:chr6:108742032-108742532	chr6:108742032-108742532	region	TCF7L2_direct_+/+		1
region:chr6:144150134-144150634	chr6:144150134-144150634	region	KLF4_direct_+/+		1
region:chr6:18171792-18172292	chr6:18171792-18172292	region	SPI1_direct_+/+		1
region:chr6:18179908-18180408	chr6:18179908-18180408	region	SPI1_direct_+/+		1
region:chr6:18329672-18330172	chr6:18329672-18330172	region	SPI1_direct_+/+		1
region:chr6:18330563-18331063	chr6:18330563-18331063	region	SPI1_direct_+/+		1
region:chr6:18501601-18502101	chr6:18501601-18502101	region	TCF7L2_direct_+/+		1
region:chr6:31586511-31587011	chr6:31586511-31587011	region	TCF7L2_direct_+/+		2
region:chr7:106344765-106345265	chr7:106344765-106345265	region	KLF4_direct_+/+		1
region:chr7:139828939-139829439	chr7:139828939-139829439	region	KLF4_direct_+/+		1
region:chr7:139830959-139831459	chr7:139830959-139831459	region	KLF4_direct_+/+		1
region:chr7:150665852-150666352	chr7:150665852-150666352	region	RXRA_direct_+/+		1
region:chr7:150785340-150785840	chr7:150785340-150785840	region	RXRA_direct_+/+		1
region:chr7:150787590-150788090	chr7:150787590-150788090	region	RXRA_direct_+/+		1
region:chr7:28684536-28685036	chr7:28684536-28685036	region	TCF7L2_direct_+/+		1
region:chr7:43876116-43876616	chr7:43876116-43876616	region	TCF7L2_direct_+/+		1
region:chr8:115451426-115451926	chr8:115451426-115451926	region	KLF4_direct_+/+		1
region:chr8:117881503-117882003	chr8:117881503-117882003	region	RXRA_direct_+/+		1
region:chr8:117989383-117989883	chr8:117989383-117989883	region	RXRA_direct_+/+		1
region:chr8:118060746-118061246	chr8:118060746-118061246	region	RXRA_direct_+/+		1
region:chr8:118108667-118109167	chr8:118108667-118109167	region	RXRA_direct_+/+		1
region:chr8:89759076-89759576	chr8:89759076-89759576	region	KLF4_direct_+/+		1
region:chr9:134195457-134195957	chr9:134195457-134195957	region	RXRA_direct_+/+		1
region:chr9:134341252-134341752	chr9:134341252-134341752	region	RXRA_direct_+/+;TCF7L2_direct_+/+		1
region:chr9:134409236-134409736	chr9:134409236-134409736	region	TCF7L2_direct_+/+		1
region:chr9:134929107-134929607	chr9:134929107-134929607	region	RXRA_direct_+/+		1
region:chr9:134936713-134937213	chr9:134936713-134937213	region	RXRA_direct_+/+		1
region:chr9:87601217-87601717	chr9:87601217-87601717	region	SPI1_direct_+/+		1
region:chr9:87614317-87614817	chr9:87614317-87614817	region	SPI1_direct_+/+		1
region:chr9:87722288-87722788	chr9:87722288-87722788	region	SPI1_direct_+/+		1
region:chr9:87725918-87726418	chr9:87725918-87726418	region	SPI1_direct_+/+		1
region:chr9:87783099-87783599	chr9:87783099-87783599	region	SPI1_direct_+/+		1
region:chr9:87792702-87793202	chr9:87792702-87793202	region	SPI1_direct_+/+		1
region:chr9:87796051-87796551	chr9:87796051-87796551	region	SPI1_direct_+/+		1
region:chrX:23742338-23742838	chrX:23742338-23742838	region	SPI1_direct_+/+		1
region:chrX:23781151-23781651	chrX:23781151-23781651	region	SPI1_direct_+/+		1
region:chrX:23811102-23811602	chrX:23811102-23811602	region	SPI1_direct_+/+		1
region:chrX:23911212-23911712	chrX:23911212-23911712	region	SPI1_direct_+/+		1
region:chrX:48683505-48684005	chrX:48683505-48684005	region	RXRA_direct_+/+		1
gene:ADGRE2	ADGRE2	gene	TCF7L2_direct_+/+	0.7242524916943549	0
gene:AIF1	AIF1	gene	TCF7L2_direct_+/+	0.9568106312292401	0
gene:ARHGEF11	ARHGEF11	gene	KLF4_direct_+/+	0.3255813953488374	0
gene:ATF3	ATF3	gene	KLF4_direct_+/+	0.5149501661129582	0
gene:BCL6	BCL6	gene	KLF4_direct_+/+	0.47176079734219384	0
gene:BLVRA	BLVRA	gene	TCF7L2_direct_+/+	0.49501661129568236	0
gene:C19orf38	C19orf38	gene	SPI1_direct_+/+;SPI1_direct_+/-	0.29235880398671094	0
gene:C3AR1	C3AR1	gene	TCF7L2_direct_+/+	0.32225913621262475	0
gene:CD300C	CD300C	gene	TCF7L2_direct_+/+	0.15946843853820583	0
gene:COTL1	COTL1	gene	SPI1_direct_+/+;SPI1_direct_+/-	0.9601328903654528	0
gene:CPPED1	CPPED1	gene	SPI1_direct_+/+	0.8903654485049872	0
gene:CREB5	CREB5	gene	TCF7L2_direct_+/+	0.4119601328903662	0
gene:CSF1R	CSF1R	gene	TCF7L2_direct_+/+	0.7408637873754181	0
gene:CST3	CST3	gene	SPI1_direct_+/+	0.9833887043189413	0
gene:CTSL	CTSL	gene	SPI1_direct_+/+	0.2558139534883718	0
gene:DUSP6	DUSP6	gene	SPI1_direct_+/+	0.8272425249169469	0
gene:EXT1	EXT1	gene	RXRA_direct_+/+	0.6843853820598031	0
gene:FBXW7	FBXW7	gene	KLF4_direct_+/+	0.817275747508309	0
gene:FCN1	FCN1	gene	RXRA_direct_+/+	0.9435215946843896	0
gene:FNIP2	FNIP2	gene	TCF7L2_direct_+/+	0.5116279069767455	0
gene:FOS	FOS	gene	KLF4_direct_+/+	0.9700996677740907	0
gene:FOXO3	FOXO3	gene	TCF7L2_direct_+/+	0.6976744186046537	0
gene:GBP1	GBP1	gene	RXRA_direct_+/+	0.7574750830564814	0
gene:IFNAR2	IFNAR2	gene	RXRA_direct_+/+	0.7541528239202687	0
gene:IRAK3	IRAK3	gene	KLF4_direct_+/+;SPI1_direct_+/+;SPI1_direct_+/-	0.9036544850498378	0
gene:KDM1B	KDM1B	gene	SPI1_direct_+/+	0.7009966777408664	0
gene:LILRB1	LILRB1	gene	TCF7L2_direct_+/+	0.7342192691029928	0
gene:LILRB2	LILRB2	gene	RXRA_direct_+/+	0.7342192691029928	0
gene:LRMDA	LRMDA	gene	SPI1_direct_+/+	0.863787375415286	0
gene:LRRC25	LRRC25	gene	TCF7L2_direct_+/+	0.6046511627906996	0
gene:LST1	LST1	gene	TCF7L2_direct_+/+	0.8571428571428608	0
gene:MAFB	MAFB	gene	RXRA_direct_+/+	0.7441860465116308	0
gene:MAP2K3	MAP2K3	gene	RXRA_direct_+/+	0.37209302325581445	0
gene:MAP3K20	MAP3K20	gene	SPI1_direct_+/+	0.46511627906976855	0
gene:MCTP1	MCTP1	gene	SPI1_direct_+/+;SPI1_direct_+/-	0.9700996677740907	0
gene:MS4A7	MS4A7	gene	TCF7L2_direct_+/+	0.7641196013289067	0
gene:MYD88	MYD88	gene	KLF4_direct_+/+	0.49501661129568236	0
gene:NAMPT	NAMPT	gene	KLF4_direct_+/+	0.9136212624584757	0
gene:OSCAR	OSCAR	gene	KLF4_direct_+/+	0.5681063122923605	0
gene:PID1	PID1	gene	RXRA_direct_+/+	0.7009966777408664	0
gene:PLXDC2	PLXDC2	gene	KLF4_direct_+/+;SPI1_direct_+/+	0.986710963455154	0
gene:PSAP	PSAP	gene	SPI1_direct_+/+;SPI1_direct_+/-	0.9966777408637919	0
gene:RAB31	RAB31	gene	SPI1_direct_+/+	0.8205980066445216	0
gene:RILPL2	RILPL2	gene	KLF4_direct_+/+	0.5847176079734238	0
gene:RIN3	RIN3	gene	RXRA_direct_+/+	0.8239202657807343	0
gene:RIPK2	RIPK2	gene	KLF4_direct_+/+	0.6644518272425273	0
gene:RNF144B	RNF144B	gene	TCF7L2_direct_+/+	0.5315614617940214	0
gene:RTN3	RTN3	gene	KLF4_direct_+/+	0.44186046511628	0
gene:RXRA	RXRA	gene	RXRA_direct_+/+;TCF7L2_direct_+/+	0.6411960132890387	0
gene:SAT1	SAT1	gene	SPI1_direct_+/+	1.0000000000000044	0
gene:SBF2	SBF2	gene	RXRA_direct_+/+	0.9269102990033263	0
gene:SERPINA1	SERPINA1	gene	SPI1_direct_+/+	0.9468438538206022	0
gene:SLC7A7	SLC7A7	gene	TCF7L2_direct_+/+	0.5747508305647858	0
gene:SLC8A1	SLC8A1	gene	KLF4_direct_+/+;RXRA_direct_+/+	0.9966777408637919	0
gene:SMCO4	SMCO4	gene	TCF7L2_direct_+/+	0.5548172757475099	0
gene:SPI1	SPI1	gene	SPI1_direct_+/+;SPI1_direct_+/-;TCF7L2_direct_+/+	0.8571428571428608	0
gene:STX11	STX11	gene	KLF4_direct_+/+	0.7674418604651193	0
gene:TBXAS1	TBXAS1	gene	KLF4_direct_+/+	0.9833887043189413	0
gene:TCF7L2	TCF7L2	gene	TCF7L2_direct_+/+	0.976744186046516	0
gene:TFCP2	TFCP2	gene	RXRA_direct_+/+	0.45182724252491796	0
gene:TIMP2	TIMP2	gene	RXRA_direct_+/+	0.46511627906976855	0
gene:TLR2	TLR2	gene	KLF4_direct_+/+	0.8006644518272458	0
gene:TM9SF4	TM9SF4	gene	RXRA_direct_+/+	0.498338870431895	0
gene:TMEM176A	TMEM176A	gene	RXRA_direct_+/+	0.27906976744186035	0
gene:TNFRSF8	TNFRSF8	gene	SPI1_direct_+/+;SPI1_direct_+/-	0.1893687707641194	0
gene:TOP1	TOP1	gene	KLF4_direct_+/+	0.7840531561461825	0
gene:TRPS1	TRPS1	gene	KLF4_direct_+/+	0.6644518272425273	0
gene:VMP1	VMP1	gene	KLF4_direct_+/+	0.9534883720930275	0
gene:WARS	WARS	gene	RXRA_direct_+/+;SPI1_direct_+/+;SPI1_direct_+/-;TCF7L2_direct_+/+	0.976744186046516	0
gene:WAS	WAS	gene	RXRA_direct_+/+	0.5548172757475099	0
gene:WDFY2	WDFY2	gene	SPI1_direct_+/+	0.8139534883720964	0
gene:XYLT1	XYLT1	gene	RXRA_direct_+/+	0.8106312292358837	0
gene:ZNF672	ZNF672	gene	RXRA_direct_+/+	0.12624584717607965	0
